part_number	primary_iad	holset_assembly_number	description	generic_description
2834106	4033216	2834106	TURBOCHARGER ID21 HX50	Turbocharger
2834171	403326700	2834171	TURBO,CTT XREF ONLY	Turbocharger
2834184	2834184	N/A	HOUSING,TURBINE,HX55	Turbine Housing
2834191	378664800	2834191	TURBOCHARGER.ID21.HX55	Turbocharger
2834275	403399200	2834275	TURBOCHARGER.ID21.HX50	Turbocharger
2834301	403396500	2834301	TURBOCHARGER.ID21.HE221W	Turbocharger
2834333	283433300	N/A	SLINGER, OIL.HE451VE	Other Spare
2834349	2834349	N/A	SHAFT & WHEEL.HX50	Shaft And Wheel Assembly
2834716	2834717	2834716	TURBOCOMPRESSOR	Turbocharger
2834798	403398200	2834798	TURBOCHARGER.ID21.HX35W	Turbocharger
2834884	2834884	N/A	HOUSING,BEARING.HE351	Bearing Housing
2834996	283499600	N/A	HOUSING,TURBINE.HX25	Turbine Housing
2835000	4033944	2835000	TURBOCHARGER, ID21, HX25	Turbocharger
2835037	403323800	2835037	TURBOCHARGER.HX55W	Turbocharger
2835055	283505600	2835055	TURBOCHARGER,HX35 WASTEGA	Turbocharger
2835140	4033966	2835140	TURBOCHARGER	Turbocharger
2835141	4033967	2835141	TURBOCHARGER	Turbocharger
2835142	4033968	2835142	TURBOCHARGER	Turbocharger
2835143	4033347	2835143	TURBOCHARGER,ID21,WH1C	Turbocharger
2835144	4033969	2835144	TURBOCHARGER ID21 HE221W	Turbocharger
2835162	378708500	2835162	TURBOCHARGER.ID21.HX40W	Turbocharger
2835372	403113200	2835372	TURBOCHARGER,DEBRAND.ID21.HE551W	Turbocharger
2835376	403113300	2835376	TURBOCHARGER DEBRAND ID21 HE551	Turbocharger
2835415	4033391	2835415	TURBOCHARGER	Turbocharger
2835416	403343100	2835416	KIT,TURBOCHARGER	Turbocharger
2835484	378701200	2835484	TURBOCHARGER.ID21.HX55W	Turbocharger
2835587	403392500	2835587	TURBOCHARGER.ID21.HX50M	Turbocharger
2835596	283559600	N/A	CLAMP,V BAND	Other Spare
2835872	283587300	2835872	TURBOCHARGER	Turbocharger
2835874	2835875	2835874	TURBOCHARGER,ID21,HE221W	Turbocharger
2835878	283587900	2835878	TURBOCHARGER	Turbocharger
2835880	2835881	2835880	TURBOCHARGER,ID21,HE221W	Turbocharger
2835882	2835883	2835882	TURBOCHARGER,ID21,HE221W	Turbocharger
2835884	283588500	2835884	TURBOCHARGER	Turbocharger
2836165	2836165	N/A	HOUSING,COMPRESSOR,HX52W,ASSY	Compressor Housing
2836277	4033438	2836277	TURBOCHARGER	Turbocharger
2836324	4033272	2836324	TURBOCHARGER ID21 HX50	Turbocharger
2836327	4033220	2836327	TURBOCHARGER ID21 HX50	Turbocharger
2836328	4033221	2836328	TURBOCHARGER ID21 HX50	Turbocharger
2836653	4033818	2836653	TURBOCHARGER ID21 HX50W	Turbocharger
2836654	3787002	2836654	TURBOCHARGER ID21 HX50W	Turbocharger
2836707	4033607	2836707	TURBOCHARGER ID21 HY35W	Turbocharger
2836723	495608100	2836723	TURBOCHARGER,HX60	Turbocharger
2836759	2836759	N/A	HOUSING,TURBINE,HY35W	Turbine Housing
2836760	495608200	2836760	TURBOCHARGER,HX60	Turbocharger
2836978	2836978	N/A	ACTUATOR,ASSY,HX55W	Other Spare
2837153	378712900	2837153	TURBOCHARGER.ID21.HE351W	Turbocharger
2837411	4033983	2837411	TURBOCHARGER ID21 HX30W	Turbocharger
2837440	403355100	2837440	TURBOCHARGER.ID21.HX40W	Turbocharger
2837445	378709000	2837445	TURBOCHARGER.ID21.HX40W	Turbocharger
2837450	403355800	2837450	TURBOCHARGER.ID21.HX40W	Turbocharger
2837453	403393600	2837453	TURBOCHARGER.ID21.HX40W	Turbocharger
2837476	403357800	2837476	TURBOCHARGER.ID21.HX40W	Turbocharger
2837483	403360300	2837483	TURBOCHARGER.ID21.HX40W	Turbocharger
2837484	403363400	2837484	TURBOCHARGER.ID21.HX40W	Turbocharger
2837489	4033678	2837489	TURBOCHARGER ID21 HX40W	Turbocharger
2837582	378664600	2837582	TURBOCHARGER.ID21.HX50G	Turbocharger
2837675	283767500	N/A	ACTUATOR,TURBOCHARGER	Other Spare
2837686	288175100	2837686	KIT,TURBOCHARGER	Turbocharger
2837788	283778900	2837788	TURBOCHARGER	Turbocharger
2837825	283782500	N/A	BEARING.JOURNAL HY35W	Journal Bearing
2838396	403329700	2838396	TURBOCHARGER.ID21.HX40W	Turbocharger
2838523	283852300	N/A	IMPELLER.HX50	Compressor Wheel
2838631	403394300	2838631	TURBOCHARGER.ID21.HX35W	Turbocharger
2838804	403377600	2838804	TURBOCHARGER	Turbocharger
2838882	283888200	N/A	ACTUATOR.ASSY.HY35W	Other Spare
2839127	403368000	2839127	TURBOCHARGER.ID21.HX40W	Turbocharger
2839189	288174900	2839189	TURBOCHARGER,HX40W	Turbocharger
2839192	288175000	2839192	TURBOCHARGER,HX40W	Turbocharger
2839309	288175300	2839309	TURBOCHARGER,HX40W	Turbocharger
2839371	403385100	2839371	TURBOCHARGER.ID21.HX40W	Turbocharger
2839421	288175400	2839421	TURBOCHARGER,HX40W	Turbocharger
2839486	403368500	2839486	KIT,TURBOCHARGER	Turbocharger
2839679	4031134	2839679	TURBOCHARGER DEBRRAND ID21 HE551W	Turbocharger
2839875	403379900	2839875	TURBOCHARGER.ID21.HE351W	Turbocharger
2839877	403380000	2839877	TURBO,CTT XREF ONLY	Turbocharger
2839879	283987900	N/A	PLATE,CLAMPING	Other Spare
2839881	283988100	N/A	ACTUATOR.ASSY.HE551W	Other Spare
2839921	403123500	2839921	TURBOCHARGER,DEBRAND.ID21.HE351G	Turbocharger
2839950	283995100	2839950	TURBOCHARGER	Turbocharger
2840129	403108100	2840129	TURBOCHARGER,DEBRAND.ID21.HE500FG	Turbocharger
2840206	2840206	N/A	ACTUATOR,PERMANENT ASSY,HE551W	Other Spare
2840364	284036400	N/A	SCREW,HEXAGON HEAD SET	Other Spare
2840780	284078000	N/A	PLATE,CLAMPING	Other Spare
2840781	284078100	N/A	SCREW,HEXAGON HEAD SET	Other Spare
2840889	2840890	2840889	TURBOCHARGER,ID21,HX60	Turbocharger
2841257	284125700	N/A	SHAFT & WHEEL.HX52	Shaft And Wheel Assembly
2841439	403394000	2841439	TURBOCHARGER.ID21.HX55W	Turbocharger
2841894	403388500	2841894	TURBOCHARGER.ID21.HX40G	Turbocharger
2841980	403371000	2841980	TURBOCHARGER.ID21.HX40W	Turbocharger
2842156	350311200	2842156	TURBOCHARGER.ID21.4LGK	Turbocharger
2842228	403373500	2842228	TURBOCHARGER	Turbocharger
2842245	403397400	2842245	TURBOCHARGER	Turbocharger
2842269	2842269	N/A	HOUSING,TURBINE,HX38G,ASSY	Turbine Housing
2842270	378655500	2842270	TURBOCHARGER.ID21.HX38G	Turbocharger
2842272	403387600	2842272	TURBOCHARGER.ID21.HX38G	Turbocharger
2842467	2842467	N/A	CORE ASSEMBLY,HX40W	Core
2842475	403113600	2842475	TURBOCHARGER,DEBRAND.ID21.HE551W	Turbocharger
2842519	4031083	2842519	TURBOCHARGER,DEBRAND.ID21.HE500WG	Turbocharger
2842583	378702400	2842583	TURBOCHARGER.ID21.HX35W	Turbocharger
2842722	378707700	2842722	TURBOCHARGER.ID21.HE221W	Turbocharger
2842809	288188800	2842809	TURBOCHARGER,HX40W	Turbocharger
2842810	288188700	2842810	TURBOCHARGER,HX40W	Turbocharger
2843047	284304700	N/A	SHAFT & WHEEL.HX35W	Shaft And Wheel Assembly
2843145	403382600	2843145	TURBOCHARGER.HX25W	Turbocharger
2843168	284316800	N/A	SENSOR,SPEED	Other Spare
2843169	284316900	N/A	SENSOR,SPEED	Other Spare
2843292	403113700	2843292	TURBOCHARGER,DEBRAND.HE551W	Turbocharger
2843413	378651200	2843413	TURBOCHARGER.ID21.HX55W	Turbocharger
2843417	4033888	2843417	TURBOCHARGER,ID21,HX55W	Turbocharger
2843460	284346000	N/A	ACTUATOR.ASSY.HX55W	Other Spare
2843656	284365600	N/A	ACTUATOR.ASSY.HX52W	Other Spare
2843791	403399900	2843791	TURBOCHARGER	Turbocharger
2843849	378664900	2843849	TURBOCHARGER.ID21.HE551	Turbocharger
2843860	378702200	2843860	TURBOCHARGER.ID21.HX40W	Turbocharger
2843896	378702300	2843896	TURBOCHARGER.ID21.HX40W	Turbocharger
2843936	403108400	2843936	TURBOCHARGER,DEBRAND.ID21.HX55W	Turbocharger
2881696	288169600	5325926	TURBOCHARGER,HE 07 VG MR	Short Turbocharger
2881702	288170200	5325927	TURBOCHARGER,HE 07 VG MR	Short Turbocharger
2881707	288170700	2837014	KIT,TURBOCHARGER	Short Turbocharger
2881708	288170800	5325927	KIT,TURBOCHARGER	Short Turbocharger
2881949	288194900	3796117	KIT,TURBOCHARGER	Turbocharger
2881975	403373300	2842226	TURBOCHARGER	Turbocharger
2882051	378717700	3783607	TURBOCHARGER	Turbocharger
2882059	288205900	3533000	KIT,TURBOCHARGER	Turbocharger
2882075	288207500	3799833	TURBOCHARGER,HE 07 VG MR	Turbocharger
2882082	288208200	3795153	KIT,TURBOCHARGER	Turbocharger
2882111	288211100	TBC	KIT,INCOMPLETE TURBO	Short Turbocharger
3000174	300017400	N/A	HUB,SPLINE COUPLING	Other Spare
3023066	302306600	N/A	SEAL,O RING	Other Spare
3034736	303473600	N/A	SEAL,TURBOCHARGER	Other Spare
3037236	303723600	N/A	SEAL,O RING	Other Spare
3037537	303753700	N/A	SEAL,O RING	Other Spare
3038745	303874500	N/A	HOUSING,TUR BEARING 50	Bearing Housing
3043947	304394700	N/A	SEAT,CPR EXHAUST VALVE	Air Compressor
3046298	304629800	N/A	VALVE.BODY LOADING.F/PART	Air Compressor
3050924	305092400	N/A	BEARING,THRUST	Thrust Bearing
3051779	305177900	N/A	GASKET,CONNECTION	Other Spare
3052197	305219700	N/A	GASKET,CONNECTION	Other Spare
3060539	306053900	N/A	GASKET.FUEL PUMP	Other Spare
3069177	306917700	N/A	GASKET,TURBOCHARGER	Other Spare
3072919	307291900	N/A	GASKET,TURBOCHARGER	Other Spare
3081824	308182400	N/A	GASKET,TURBOCHARGER	Other Spare
3088984	308898400	N/A	GASKET,TURBOCHARGER	Other Spare
3089955	308995500	N/A	GASKET,CONNECTION	Other Spare
3092604	309260400	N/A	GASKET,TURBOCHARGER	Other Spare
3127940	312794000	N/A	VALVE.EXHAUST	Air Compressor
3128080	312808000	N/A	SPRING.ACTUATOR	Other Spare
3144714	314471400	N/A	SEAT, CPR EXHAUST VALVE	Air Compressor
3144948	314494800	N/A	VALVE.INTAKE	Air Compressor
3145028	314502800	N/A	VALVE.SEAT,CPR INTAKE	Air Compressor
3147610	314761000	N/A	BUSH	Other Spare
3150631	315063100	N/A	ALTERNATOR	Other Spare
3153964	315396400	N/A	COVER.AIR COMPRESSOR	Air Compressor
3156420	3156420	N/A	BEARING,TURBO,F/P	Journal Bearing
3156444	315644400	N/A	SEAL.SPLIT RING	Other Spare
3171368	317136800	N/A	GASKET,TURBOCHARGER	Other Spare
3180810	318081000	N/A	RING.OIL PISTON	Other Spare
3180811	318081100	N/A	RING.OIL PISTON	Other Spare
3183429	318342900	N/A	PLATE.COMPRESSION WEAR	Other Spare
3184237	318423700	N/A	GASKET.CONNECTION	Other Spare
3187350	318735000	N/A	RING.COMPRESSION PISTON	Other Spare
3187351	318735100	N/A	RING.COMPRESSION PISTON	Other Spare
3187353	318735300	N/A	RING.COMPRESSION PISTON	Other Spare
3190334	319033400	N/A	SPRING.VALVE	Other Spare
3199510	319951000	N/A	BUSH	Other Spare
3202117	320211700	N/A	GASKET.OIL DRAIN	Other Spare
3211662	321166200	N/A	BEARING.THRUST	Thrust Bearing
3250510	325051000	N/A	CONNECTION,EXHAUST OUTLET	Other Spare
3500433	350043300	N/A	WHEEL,TURBOCHARGER HC3	Shaft And Wheel Assembly
3500456	350045600	N/A	HOUSING,TUR BEARING	Bearing Housing
3500715	350071500	N/A	HOUSING,COMPRESSOR HC3	Compressor Housing
3500717	350071700	N/A	HOUSING,TUR BEARING HC3	Bearing Housing
3501033	350103300	N/A	HOUSING,TURBINE HC3	Turbine Housing
3501102	350110200	N/A	LOCKPLATE	Other Spare
3501175	4033563	3501175	TURBOCHARGER,ID21,HC3	Turbocharger
3501176	4035413	3501176	TURBOCHARGER,ID21,HC3	Turbocharger
3501552	350155200	N/A	SCREW,HEXAGON HEAD SET	Other Spare
3501572	350157200	N/A	ROTOR,TURBOCHARGER	Core
3501640	350164000	N/A	HOUSING,TURBINE HC3	Turbine Housing
3502076	4033559	3502076	TURBOCHARGER,ID21,HC3	Turbocharger
3502077	4033539	3502077	TURBOCHARGER,ID21,HC3	Turbocharger
3502163	350216300	N/A	HOUSING,TURBINE HC3	Turbine Housing
3502231	350223100	N/A	SLINGER,OIL	Other Spare
3502384	350238400	N/A	HOUSING,COMPRESSOR HC3	Compressor Housing
3502390	350239000	N/A	HOUSING,COMPRESSOR HC3	Compressor Housing
3502427	3521628	3502427	TURBOCHARGER,ID21,HC3	Turbocharger
3502449	350244900	N/A	SEAL,RECTANGULAR RING	Other Spare
3502499	350249900	N/A	WHEEL,TURBOCHARGER HC3	Shaft And Wheel Assembly
3502500	350250000	N/A	HOUSING,TUR BRG H2	Bearing Housing
3502520	350252000	N/A	PLATE,CLAMPING	Other Spare
3502552	4033714	3502552	TURBOCHARGER,ID21,H2A	Turbocharger
3502734	350273400	N/A	PLATE,CLAMPING	Other Spare
3502817	350281700	N/A	WHEEL,TURBOCHARGER HC3	Shaft And Wheel Assembly
3503020	350302000	N/A	IMPELLER,TUR COMPRESSOR	Compressor Wheel
3503100	350310000	N/A	BEARING,TURBOCHARGER	Journal Bearing
3503205	350320500	N/A	PLATE,CLAMPING	Other Spare
3503291	350329100	N/A	HOUSING,COMPRESSOR H2	Compressor Housing
3503304	350330400	N/A	IMPELLER,TURBO HC3	Compressor Wheel
3503305	350330500	N/A	IMPELLER,TURBO HC3	Compressor Wheel
3503308	350330800	N/A	IMPELLER,TURBO HC3	Compressor Wheel
3503347	350334700	N/A	SCREW,FLAT HEAD CAP	Other Spare
3503456	350345600	N/A	IMPELLER,TURBO HC3	Compressor Wheel
3503642	350364200	N/A	WHEEL,TURBOCHARGER HT3B	Shaft And Wheel Assembly
3503662	350366200	N/A	SLINGER,OIL	Other Spare
3503668	350366800	N/A	BAFFLE,OIL	Other Spare
3503677	350367700	N/A	PLUG,THREADED	Other Spare
3503678	350367800	N/A	ADAPTER,REDUCING	Other Spare
3503703	350370300	N/A	IMPELLER,TURBO RH3B	Compressor Wheel
3503704	350370400	N/A	IMPELLER,TURBO RH3B	Compressor Wheel
3503706	350370600	N/A	IMPELLER,TURBO RH3B	Compressor Wheel
3503776	4032323	3503776	TURBOCHARGER,ID21,4LGK	Turbocharger
3503798	350379800	N/A	WHEEL,TURBOCHARGER H2	Shaft And Wheel Assembly
3503945	350394500	N/A	DIFFUSER,TURBOCHARGER	Other Spare
3504066	350406600	N/A	SCREW,HEXAGON HEAD SET	Other Spare
3504106	350410600	N/A	WHEEL,TURBOCHARGER H2	Shaft And Wheel Assembly
3504192	350419200	N/A	CORE,TURBOCHARGER HC3	Core
3504256	3504256	N/A	CORE ASSEMBLY,H2A	Core
3504274	3504274	N/A	HOUSING,COMPRESSOR,H2A	Compressor Housing
3504279	350427900	N/A	IMPELLER,TUR COMPRESSOR	Compressor Wheel
3504280	350428000	N/A	IMPELLER,TUR COMPRESSOR	Compressor Wheel
3504281	350428100	N/A	IMPELLER,TURBOCHARGER	Compressor Wheel
3504282	350428200	N/A	IMPELLER,TUR COMPRESSOR	Compressor Wheel
3504344	350434400	N/A	WHEEL,TURBOCHARGER HT3B	Shaft And Wheel Assembly
3504346	350434600	N/A	SHAFT & WHEEL	Shaft And Wheel Assembly
3504413	350441300	N/A	BEARING,TURBOCHARGER	Journal Bearing
3504415	350441500	N/A	HOUSING,TURBINE HC3	Turbine Housing
3504444	350444400	N/A	HOUSING,TURBINE	Turbine Housing
3504446	350444600	N/A	HOUSING,TURBINE	Turbine Housing
3504480	350448000	N/A	IMPELLER,TURBO H2	Compressor Wheel
3504487	350448700	N/A	HOUSING,COMPRESSOR	Compressor Housing
3504578	350457800	N/A	COLLAR,THRUST	Other Spare
3504625	350462500	N/A	IMPELLER,TUR COMPRESSOR	Compressor Wheel
3504649	350464900	N/A	IMPELLER,TURBO HC3	Compressor Wheel
3504691	350469100	N/A	HOUSING,TURBINE H2	Turbine Housing
3504692	350469200	N/A	HOUSING,TURBINE H2	Turbine Housing
3504714	350471400	N/A	SCREW,HEXAGON HEAD SET	Other Spare
3504942	4033734	3504942	TURBOCHARGER ID21 4LEK	Turbocharger
3504959	350495900	N/A	CLAMP,V BAND	Other Spare
3504966	350496600	N/A	NUT,LOCK	Other Spare
3504967	350496700	N/A	WASHER,PLAIN	Other Spare
3518004	351800400	N/A	WASHER.LOCK H2C	Other Spare
3518102	351810200	N/A	HOUSING,TURBINE H2	Turbine Housing
3518128	351812800	N/A	HOUSING,TURBINE	Turbine Housing
3518130	351813000	N/A	HOUSING,TURBINE HT3B	Turbine Housing
3518200	351820000	N/A	IMPELLER,TUR COMPRESSOR	Compressor Wheel
3518201	351820100	N/A	IMPELLER.H1C	Compressor Wheel
3518202	351820200	N/A	IMPELLER,TUR COMPRESSOR	Compressor Wheel
3518579	351857900	N/A	SEAL,SPLIT RING	Other Spare
3518613	4033228	3518613	TURBOCHARGER ID21 H2C	Turbocharger
3518629	351862900	N/A	HOUSING,COMPRESSOR	Compressor Housing
3518671	351867100	N/A	HOUSING,COMPRESSOR	Compressor Housing
3518710	3518710	N/A	HOUSING,TURBINE,H3B	Turbine Housing
3518816	352180400	3518816	TURBOCHARGER	Turbocharger
3518878	351887800	N/A	HOUSING,TURBINE	Turbine Housing
3518902	351890200	N/A	ROTOR,TURBOCHARGER	Core
3518911	4033690	3518911	TURBOCHARGER ID21 H2C	Turbocharger
3518980	351898000	N/A	COLLAR,THRUST	Other Spare
3519056	3521639	3519056	TURBOCHARGER,ID21,HC3	Turbocharger
3519065	351906500	N/A	CORE ASSEMBLY	Core
3519067	4033644	3519067	TURBOCHARGER ID21 H1D	Turbocharger
3519068	4033643	3519068	TURBOCHARGER ID21 H1D	Turbocharger
3519080	351908000	N/A	CORE ASSEMBLY	Core
3519092	352180200	3519092	TURBOCHARGER,H2C	Turbocharger
3519095	352180300	3519095	TURBOCHARGER,H2C	Turbocharger
3519155	351915500	N/A	SHIELD, TURBOCHARGER HEAT.H3B	Other Spare
3519163	351916300	N/A	SCREW,DRIVE	Other Spare
3519207	3519207	N/A	HOUSING,TURBINE,H2C	Turbine Housing
3519209	4033694	3519209	TURBOCHARGER ID21 H2C	Turbocharger
3519216	351921600	N/A	IMPELLER,TUR COMPRESSOR	Compressor Wheel
3519302	351930200	N/A	SHIELD,TURBOCHARGER HEAT	Other Spare
3519304	351930400	N/A	SHIELD,TURBOCHARGER HEAT	Other Spare
3519306	351930600	N/A	HOUSING,TURBINE HC3	Turbine Housing
3519318	351931800	N/A	BEARING.THRUST H3B	Thrust Bearing
3519322	351932200	N/A	IMPELLER,TUR COMPRESSOR	Compressor Wheel
3519336	351933600	N/A	WHEEL,TURBOCHARGER H2	Shaft And Wheel Assembly
3519342	351934200	N/A	HOUSING,TURBINE.4LG	Turbine Housing
3519351	351935100	N/A	HOUSING,TURBINE HT3B	Turbine Housing
3519353	351935300	N/A	HOUSING,TURBINE HT3B	Turbine Housing
3519387	351938700	N/A	HOUSING,TURBINE	Turbine Housing
3519388	351938800	N/A	HOUSING,TURBINE	Turbine Housing
3519391	351939100	N/A	HOUSING,COMPRESSOR	Compressor Housing
3519401	351940100	N/A	BAFFLE,OIL	Other Spare
3519409	351940900	N/A	HOUSING,TURBINE H1C	Turbine Housing
3519453	4033674	3519453	TURBOCHARGER,ID21,H1C	Turbocharger
3519471	351947100	N/A	NUT,LOCK	Other Spare
3519504	351950400	N/A	HOUSING,TURBINE	Turbine Housing
3519512	351951200	N/A	HOUSING,TURBINE	Turbine Housing
3519513	351951300	N/A	HOUSING,TURBINE HC3	Turbine Housing
3519533	351953300	N/A	HOUSING,TUR BRG H2	Bearing Housing
3519535	351953500	N/A	NUT,LOCK	Other Spare
3519551	3519551	N/A	HOUSING,TURBINE,HX60	Turbine Housing
3519571	351957100	N/A	IMPELLER,TURBO RH3B	Compressor Wheel
3519587	351958700	N/A	IMPELLER,TUR COMPRESSOR	Compressor Wheel
3519627	351962700	N/A	BEARING,TURBOCHARGER	Journal Bearing
3519641	351964100	N/A	RING,RETAINING	Other Spare
3519762	351976200	N/A	GASKET,TURBOCHARGER	Other Spare
3519763	351976300	N/A	GASKET,TURBOCHARGER	Other Spare
3519770	351977000	N/A	GASKET.OIL DRAIN	Other Spare
3519805	351980500	N/A	GASKET,FLANGE	Other Spare
3519806	351980600	N/A	GASKET,TURBOCHARGER	Other Spare
3519807	351980700	N/A	GASKET,TURBOCHARGER	Other Spare
3519892	351989200	N/A	SHAFT & WHEEL	Shaft And Wheel Assembly
3519896	351989600	N/A	HOUSING,TURBINE H2	Turbine Housing
3519901	351990100	N/A	HOUSING,TURBINE	Turbine Housing
3519903	3519903	N/A	HOUSING,TURBINE,H2D	Turbine Housing
3519904	3519904	N/A	HOUSING,TURBINE,H2C	Turbine Housing
3519943	351994300	N/A	HOUSING,TURBINE	Turbine Housing
3519964	351996400	N/A	HOUSING,TURBINE	Turbine Housing
3520178	3520178	N/A	PLUG,3LD	Other Spare
3520554	352055400	N/A	IMPELLER,TURBO H2	Compressor Wheel
3520556	352055600	N/A	HOUSING,COMPRESSOR H2	Compressor Housing
3520574	352057400	N/A	HOUSING,TUR BEARING H2	Bearing Housing
3520730	352073000	N/A	HOUSING,TURBINE.H1C	Turbine Housing
3520732	352073200	N/A	HOUSING,TURBINE	Turbine Housing
3520775	352077500	N/A	IMPELLER,TURBO RH3B	Compressor Wheel
3520851	4033166	3520851	TURBOCHARGER,ID21,H1D	Turbocharger
3520901	3520901	N/A	CORE ASSEMBLY,H1D	Core
3520902	3520902	N/A	CORE ASSEMBLY,H1D	Core
3520981	352098100	N/A	PLATE,CLAMPING	Other Spare
3521088	352108800	N/A	IMPELLER,TURBO RH3B	Compressor Wheel
3521119	352111900	N/A	WASHER,LOCK	Other Spare
3521218	352121800	N/A	HOUSING,COMPRESSOR HT3B	Compressor Housing
3521225	352122500	N/A	SCREW,HEXAGON HEAD SET	Other Spare
3521247	352124700	N/A	SHAFT & WHEEL	Shaft And Wheel Assembly
3521439	352143900	N/A	SLINGER,OIL	Other Spare
3521440	352144000	N/A	COLLAR,THRUST	Other Spare
3521441	352144100	N/A	SEAL,SPLIT RING	Other Spare
3521442	352144200	N/A	SEAL,SPLIT RING	Other Spare
3521470	352147000	3521470	TURBOCHARGER,HC3	Turbocharger
3521472	352147200	3521472	TURBOCHARGER,HT3B	Turbocharger
3521538	4033224	3521538	TURBOCHARGER ID21 H1C	Turbocharger
3521591	352159100	N/A	HOUSING,TURBINE.H2A	Turbine Housing
3521693	352169300	N/A	HOUSING,COMPRESSOR	Compressor Housing
3521694	352169400	N/A	HOUSING,COMPRESSOR	Compressor Housing
3521731	352173100	N/A	WHEEL,TURBOCHARGER HC3	Shaft And Wheel Assembly
3521732	352173200	N/A	SLINGER,OIL	Other Spare
3521739	4033742	3521739	TURBOCHARGER,ID21,HC3B	Turbocharger
3521741	352174100	3521741	TURBOCHARGER.HC3B	Turbocharger
3521741	403354500	3521741	TURBOCHARGER.ID21.HC3B	Turbocharger
3521816	352181600	3521816	TURBOCHARGER,HC3	Turbocharger
3521832	352183200	N/A	CLAMP,TUR V BAND	Other Spare
3521835	403357100	3521835	TURBOCHARGER.ID21.H1C	Turbocharger
3521838	352183800	N/A	HOUSING,TURBINE HT3B	Turbine Housing
3521843	352184300	N/A	HOUSING,COMPRESSOR	Compressor Housing
3521847	352184700	N/A	HOUSING,COMPRESSOR H2	Compressor Housing
3521848	352184800	N/A	HOUSING,COMPRESSOR	Compressor Housing
3521852	352185200	N/A	HOUSING,COMPRESSOR	Compressor Housing
3521863	352186300	N/A	IMPELLER,TUR COMPRESSOR	Compressor Wheel
3521927	352192700	N/A	HOUSING,TURBINE H1C	Turbine Housing
3521950	352195000	N/A	CORE ASSEMBLY.H1C	Core
3521999	352199900	N/A	HOUSING,TURBINE HT4C	Turbine Housing
3522064	380154500	3522064	TURBOCHARGER,H2C	Turbocharger
3522065	352206500	N/A	HOUSING,TURBINE H2	Turbine Housing
3522068	352206900	3522068	TURBOCHARGER,H1	Turbocharger
3522088	352208800	N/A	HOUSING,COMPRESSOR	Compressor Housing
3522166	352216600	N/A	WASHER,PLAIN	Other Spare
3522218	4033566	3522218	TURBOCHARGER ID21 H1C	Turbocharger
3522223	352222300	N/A	HOUSING,TURBINE.HT4B	Turbine Housing
3522232	352223200	N/A	WHEEL,TURBOCHARGER H2	Shaft And Wheel Assembly
3522346	378667900	3522346	TURBOCHARGER.ID21.4LGK	Turbocharger
3522384	352238400	N/A	HOUSING,COMPRESSOR H2	Compressor Housing
3522385	352238500	N/A	HOUSING,COMPRESSOR	Compressor Housing
3522389	352238900	N/A	HOUSING,COMPRESSOR H2	Compressor Housing
3522390	352239000	N/A	HOUSING,COMPRESSOR H2	Compressor Housing
3522524	403356800	3522524	TURBOCHARGER.ID21.H2A	Turbocharger
3522572	3522572	3522572	TURBOCHARGER.H1D	Turbocharger
3522572	403368800	3522572	TURBOCHARGER.H1D	Turbocharger
3522597	352259700	N/A	PIN,ROLL	Other Spare
3522631	352263100	N/A	CLAMP,V BAND	Other Spare
3522655	352265500	N/A	HOUSING,TURBINE	Turbine Housing
3522676	380158900	3522676	TURBOCHARGER,HT3B	Turbocharger
3522714	3522715	3522714	TURBOCHARGER,ID21,H1C	Turbocharger
3522740	352274000	N/A	HOUSING,TUR BEARING HT3B	Bearing Housing
3522743	352274300	N/A	HOUSING,TURBINE H1C	Turbine Housing
3522744	352274400	N/A	HOUSING,TURBINE H1C	Turbine Housing
3522746	352274600	N/A	HOUSING,TURBINE H1C	Turbine Housing
3522747	352274700	N/A	HOUSING,TURBINE H1C	Turbine Housing
3522772	352277200	N/A	CORE,ASSEMBLY	Core
3522773	352277300	N/A	WHEEL,TURBOCHARGER H2	Shaft And Wheel Assembly
3522778	352277700	3522778	TURBOCHARGER,H1	Turbocharger
3522779	352277900	N/A	HOUSING,TURBINE	Turbine Housing
3522788	352278800	N/A	WHEEL,TURBOCHARGER HT4B	Shaft And Wheel Assembly
3522801	352280100	N/A	DIFFUSER,TURBOCHARGER	Other Spare
3522803	352280300	N/A	CORE ASSEMBLY	Core
3522823	3522823	N/A	HOUSING,COMPRESSOR,H2A	Compressor Housing
3522827	352282700	N/A	SCREW,HEXAGON HEAD SET	Other Spare
3522829	352282900	N/A	SEAL,O RING	Other Spare
3522865	403332600	3522865	TURBO,CTT XREF ONLY	Turbocharger
3522869	380161500	3522869	TURBOCHARGER,HT3B	Turbocharger
3522871	380159900	3522871	TURBOCHARGER,HT3B	Turbocharger
3522873	380161600	3522873	TURBOCHARGER,HT3B	Turbocharger
3522879	352287900	N/A	WHEEL,TURBOCHARGER H2	Shaft And Wheel Assembly
3522880	352288000	N/A	WHEEL,TURBOCHARGER H2	Shaft And Wheel Assembly
3522900	352003000	3522900	TURBOCHARGER,H1	Turbocharger
3522917	352291700	N/A	HOUSING,TURBINE	Turbine Housing
3522950	380154600	3522950	TURBO,H2C	Turbocharger
3522952	352295200	N/A	HOUSING,TURBINE H2	Turbine Housing
3523022	4033181	3523022	TURBOCHARGER,ID21,H2C	Turbocharger
3523035	3523036	3523035	TURBOCHARGER,ID21,H1D	Turbocharger
3523046	352304600	N/A	ADAPTER,EXHAUST OUTLET	Other Spare
3523048	352304800	N/A	HOUSING,TURBINE H1C	Turbine Housing
3523049	352304900	N/A	FITTING,BANJO	Other Spare
3523134	4033526	3523134	TURBOCHARGER ID21 H2C	Turbocharger
3523163	352316300	N/A	BEARING,TURBOCHARGER	Journal Bearing
3523164	352316400	N/A	BEARING,TURBOCHARGER	Journal Bearing
3523227	352322700	N/A	PLATE,CLAMPING	Other Spare
3523242	352324200	N/A	HOUSING,TURBINE H1C	Turbine Housing
3523243	352324300	N/A	HOUSING,TURBINE H1C	Turbine Housing
3523244	352324500	3523244	TURBOCHARGER,H1	Turbocharger
3523272	380161700	3523272	TURBOCHARGER,HT3B	Turbocharger
3523275	3523275	N/A	SEAL,O RING	Other Spare
3523278	352327800	N/A	HOUSING,TURBINE H2	Turbine Housing
3523284	352328500	3523284	TURBOCHARGER	Turbocharger
3523294	352322300	3523294	TURBOCHARGER,H1	Turbocharger
3523299	4033697	3523299	TURBOCHARGER ID21 H2A	Turbocharger
3523317	3523317	N/A	CORE ASSEMBLY,H1C	Core
3523320	3523320	N/A	CORE ASSEMBLY,H1C	Core
3523322	352332200	N/A	CORE ASSEMBLY	Core
3523323	352332300	N/A	ROTOR, TURBOCHARGER.ASSY.H1C	Other Spare
3523324	3523324	N/A	CORE ASSEMBLY,H1C	Core
3523326	352332600	N/A	ROTOR,TURBOCHARGER	Core
3523410	3523411	3523410	TURBOCHARGER,ID21,H2C	Turbocharger
3523412	352341200	N/A	SEAL,SPLIT RING	Other Spare
3523415	4033165	3523415	TURBOCHARGER,ID21,HT3B	Turbocharger
3523417	380159100	3523417	TURBOCHARGER,HT3B	Turbocharger
3523429	352342900	N/A	HOUSING,TUR BEARING	Bearing Housing
3523498	3523498	N/A	CORE ASSEMBLY,H1D	Core
3523507	352350700	N/A	HOUSING,TUR BEARING	Bearing Housing
3523518	352351900	3523518	TURBOCHARGER,H1	Turbocharger
3523541	4033686	3523541	TURBOCHARGER ID21 H1C	Turbocharger
3523542	352354200	N/A	COLLAR,THRUST	Other Spare
3523590	380170600	3523590	TURBO,HT4B	Turbocharger
3523591	380159000	3523591	TURBOCHARGER,HT4B	Turbocharger
3523592	352359200	N/A	IMPELLER.HT4B	Compressor Wheel
3523613	352361300	N/A	BEARING,TUR THRUST	Thrust Bearing
3523620	352362000	N/A	HOUSING,TUR BEARING HC5A	Bearing Housing
3523626	3523626	N/A	HOUSING,TURBINE,H2C	Turbine Housing
3523646	4033263	3523646	TURBOCHARGER,ID21,H2A	Turbocharger
3523649	4033070	3523649	TURBOCHARGER.ID21.H2A	Turbocharger
3523677	4033689	3523677	TURBOCHARGER ID21 H1C	Turbocharger
3523754	3523754	N/A	CORE ASSEMBLY,H1C	Core
3523755	352375500	N/A	ROTOR, TURBOCHARGER.ASSY.H1C	Other Spare
3523756	352375600	N/A	ROTOR,TURBOCHARGER	Core
3523779	352377900	N/A	IMPELLER,TURBO HT3B	Compressor Wheel
3523958	352395800	N/A	SEAL,O RING	Other Spare
3523974	352397400	N/A	IMPELLER.HT4C	Compressor Wheel
3523980	352398000	N/A	SLINGER,OIL	Other Spare
3524025	3524025	N/A	CORE ASSEMBLY,H2A	Core
3524028	352402800	N/A	ROTOR,TURBOCHARGER	Core
3524034	352403500	3524034	TURBOCHARGER.ID21.H1E	Turbocharger
3524034	380230300	3524034	TURBOCHARGER.H1E	Turbocharger
3524047	3524047	N/A	CORE ASSEMBLY,H2A	Core
3524053	3524053	N/A	CORE ASSEMBLY,H2A	Core
3524054	3524054	N/A	CORE ASSEMBLY,H1C	Core
3524069	352406900	N/A	IMPELLER,TURBO HT3B	Compressor Wheel
3524100	352410100	3524100	TURBOCHARGER	Turbocharger
3524121	352412200	3524121	TURBOCHARGER,H1	Turbocharger
3524123	352412300	N/A	HOUSING,TURBINE H1C	Turbine Housing
3524326	3524326	N/A	HOUSING,COMPRESSOR,H1E	Compressor Housing
3524336	352433600	N/A	PLATE,CLAMPING	Other Spare
3524362	352436200	N/A	HOUSING,TURBINE	Turbine Housing
3524363	3524363	N/A	HOUSING,TURBINE,H2C	Turbine Housing
3524364	352436400	N/A	HOUSING,TURBINE	Turbine Housing
3524376	352437600	N/A	HOUSING,COMPRESSOR	Compressor Housing
3524418	352441800	N/A	SHIM	Other Spare
3524424	352442700	3524424	TURBOCHARGER,H1	Turbocharger
3524425	352442500	N/A	HOUSING,TURBINE H1C	Turbine Housing
3524443	352444400	3524443	TURBOCHARGER	Turbocharger
3524545	352454500	N/A	HOUSING,COMPRESSOR	Compressor Housing
3524559	4033402	3524559	H2A TURBOCHARGER	Turbocharger
3524605	3524605	N/A	CORE ASSEMBLY,H1E	Core
3524607	3524607	N/A	CORE ASSEMBLY,H1C	Core
3524640	352464000	N/A	HOUSING,COMPRESSOR	Compressor Housing
3524689	4033127	3524689	TURBOCHARGER,ID21,H1E	Turbocharger
3524693	352469300	N/A	SEAL,O RING	Other Spare
3524695	4033212	3524695	TURBOCHARGER,ID21,H2C	Turbocharger
3524706	352470600	N/A	SEAL,SPLIT RING	Other Spare
3524707	352470700	N/A	SEAL. SPLIT RING SERVICE (OD.+10)	Other Spare
3524708	352470800	N/A	SEAL,SPLIT RING	Other Spare
3524709	4033595	3524709	TURBOCHARGER ID21 H1C	Turbocharger
3524721	403357200	3524721	TURBOCHARGER.ID21.H1C	Turbocharger
3524739	3524739	N/A	HOUSING,TURBINE,H2A	Turbine Housing
3524743	3524743	N/A	HOUSING,TURBINE,H3B	Turbine Housing
3524754	352475400	N/A	BEARING,TURBOCHARGER	Journal Bearing
3524769	3524769	N/A	SEAL,RECTANGULAR HTS	Other Spare
3524771	352477100	N/A	SEAL,SPLIT RING	Other Spare
3524772	3524772	N/A	SEAL,SPLIT RING	Other Spare
3524775	3524775	N/A	PLATE,CLAMPING	Other Spare
3524776	3524776	N/A	PLATE,CLAMPING	Other Spare
3524777	3524777	N/A	LOCKPLATE,	Other Spare
3524778	3524778	N/A	SCREW,HEXAGON HEAD CAP	Other Spare
3524789	4033232	3524789	TURBOCHARGER,ID21,H3B	Turbocharger
3524808	352480800	N/A	IMPELLER,TURBO H2	Compressor Wheel
3524809	352480900	N/A	HOUSING,COMPRESSOR	Compressor Housing
3524825	4033145	3524825	TURBOCHARGER,ID21,H2C	Turbocharger
3524828	352482800	N/A	IMPELLER.HT4C	Compressor Wheel
3524840	3524840	N/A	KIT,REPAIR,SERVICE,4LGZ	Repair Kit
3524862	352486200	N/A	DIFFUSER,TURBOCHARGER	Other Spare
3524957	352495700	N/A	HOUSING,TURBINE	Turbine Housing
3524993	352499300	N/A	SEAL,SPLIT RING	Other Spare
3524996	352499600	N/A	IMPELLER,TURBO H2	Compressor Wheel
3524997	352499700	N/A	IMPELLER,TUR COMPRESSOR	Compressor Wheel
3524998	352499800	N/A	IMPELLER.H2D	Compressor Wheel
3525002	352500200	N/A	HOUSING,COMPRESSOR H2	Compressor Housing
3525003	352500300	N/A	HOUSING,COMPRESSOR H2	Compressor Housing
3525004	352500400	N/A	HOUSING,COMPRESSOR	Compressor Housing
3525009	3525009	N/A	HOUSING,COMPRESSOR,H2D	Compressor Housing
3525012	352501200	N/A	HOUSING,COMPRESSOR	Compressor Housing
3525014	352501400	N/A	HOUSING,COMPRESSOR	Compressor Housing
3525017	3525017	N/A	HOUSING,COMPRESSOR,H2D	Compressor Housing
3525019	352501900	N/A	HOUSING,COMPRESSOR	Compressor Housing
3525023	352502300	N/A	HOUSING,COMPRESSOR	Compressor Housing
3525024	352502400	N/A	HOUSING,COMPRESSOR	Compressor Housing
3525073	352507300	N/A	SCREW,HEXAGON HEAD SET	Other Spare
3525103	352136600	3525103	TURBOCHARGER,H1	Turbocharger
3525130	352513000	N/A	HOUSING,TURBINE H1C	Turbine Housing
3525132	4033258	3525132	TURBOCHARGER,ID21,H2C	Turbocharger
3525199	352519900	N/A	HOUSING,TUR BEARING	Bearing Housing
3525200	352520000	N/A	HOUSING,TURBINE	Turbine Housing
3525237	352523800	3525237	TURBOCHARGER	Turbocharger
3525241	352524100	N/A	WHEEL,TURBOCHARGER HC3	Shaft And Wheel Assembly
3525248	352524800	N/A	CORE ASSEMBLY	Core
3525301	352530100	N/A	CORE ASSEMBLY.H2D	Core
3525304	352530400	N/A	IMPELLER,TURBO HT3B	Compressor Wheel
3525325	380194900	3525325	TURBOCHARGER,HT3B	Turbocharger
3525341	352534000	3525341	TURBOCHARGER,H1 WATERCOOL	Turbocharger
3525359	352535900	N/A	HOUSING,COMPRESSOR	Compressor Housing
3525367	352536700	N/A	HOUSING,COMPRESSOR HC3	Compressor Housing
3525391	352539100	N/A	HOUSING,COMPRESSOR	Compressor Housing
3525404	3525404	N/A	SEAL, SPLIT RING SERVICE (OD+10)	Other Spare
3525415	352541500	N/A	HOUSING,COMPRESSOR	Compressor Housing
3525420	4033278	3525420	TURBOCHARGER ID21 H2A	Turbocharger
3525422	3525422	N/A	HOUSING,TURBINE,H2A	Turbine Housing
3525443	352544300	N/A	CORE ASSEMBLY	Core
3525445	352544500	N/A	ROTOR,TURBOCHARGER	Core
3525447	4033182	3525447	TURBOCHARGER ID21 H2A	Turbocharger
3525471	4033233	3525471	TURBOCHARGER ID21 H1E	Turbocharger
3525488	352548700	3525488	TURBOCHARGER,H1	Turbocharger
3525517	4033108	3525517	TURBOCHARGER ID21 H2D	Turbocharger
3525519	3525519	N/A	HOUSING,TURBINE,H2D	Turbine Housing
3525554	4033231	3525554	TURBOCHARGER ID21 H1E	Turbocharger
3525568	3525568	N/A	BEARING,JOURNAL HTS	Journal Bearing
3525569	3525569	N/A	BEARING,JOURNAL HTS	Journal Bearing
3525570	3525570	N/A	BEARING,JOURNAL HTS	Journal Bearing
3525633	4033527	3525633	TURBOCHARGER ID21 H1D	Turbocharger
3525648	352005500	3525648	TURBOCHARGER.ID21.H1C	Turbocharger
3525659	352565900	N/A	HOUSING,COMPRESSOR	Compressor Housing
3525663	352566300	N/A	HOUSING,COMPRESSOR H2	Compressor Housing
3525664	352566400	N/A	HOUSING,COMPRESSOR H2	Compressor Housing
3525665	352566500	N/A	HOUSING,COMPRESSOR	Compressor Housing
3525669	352567000	3525669	TURBOCHARGER	Turbocharger
3525687	352568700	N/A	WHEEL,TURBOCHARGER H2	Shaft And Wheel Assembly
3525688	352568900	3525688	TURBOCHARGER.ID21.H1E	Turbocharger
3525691	352569100	N/A	HOUSING,TURBINE H1C	Turbine Housing
3525699	352570000	3525699	TURBOCHARGER.ID21.H1C	Turbocharger
3525709	3525709	N/A	IMPELLER,4LGK	Compressor Wheel
3525720	352572100	3525720	TURBOCHARGER	Turbocharger
3525739	352573900	N/A	BEARING,TUR THRUST	Thrust Bearing
3525772	352577200	N/A	BEARING,TURBOCHARGER	Journal Bearing
3525780	3525780	N/A	RING,THRUST	Other Spare
3525826	4033927	3525826	TURBOCHARGER ID17 H2D	Turbocharger
3525870	352587000	N/A	HOUSING,TURBINE	Turbine Housing
3525994	403391700	3525994	TURBOCHARGER.ID21.H2D	Turbocharger
3525997	380191900	3525997	TURBOCHARGER,KIT.ID21.HT4C	Turbocharger
3525998	380191800	3525998	TURBOCHARGER,KIT.ID21.HT4C	Turbocharger
3525999	352599900	N/A	HOUSING,TURBINE.HT4B	Turbine Housing
3526000	352600000	N/A	HOUSING,TURBINE	Turbine Housing
3526001	352600100	N/A	SHAFT & WHEEL.HT4C	Shaft And Wheel Assembly
3526008	4033234	3526008	TURBOCHARGER ID21 H2D	Turbocharger
3526010	3526010	N/A	HOUSING,COMPRESSOR,H2D	Compressor Housing
3526025	4033217	3526025	TURBOCHARGER ID21 H1E	Turbocharger
3526038	3526038	N/A	HOUSING,TURBINE,H2C,ASSY	Turbine Housing
3526051	352605100	N/A	HOUSING,TURBINE	Turbine Housing
3526059	4033235	3526059	TURBOCHARGER ID21 H2D	Turbocharger
3526131	380305800	3526131	TURBOCHARGER,BHT4C	Turbocharger
3526170	4033236	3526170	TURBOCHARGER,ID21,H3B	Turbocharger
3526173	352617300	N/A	IMPELLER,TURBO RH3B	Compressor Wheel
3526174	352617400	N/A	IMPELLER,TUR COMPRESSOR	Compressor Wheel
3526175	352617500	N/A	IMPELLER,TURBO RH3B	Compressor Wheel
3526177	352617700	N/A	HOUSING,COMPRESSOR	Compressor Housing
3526221	4033589	3526221	TURBOCHARGER ID21 H2C	Turbocharger
3526275	352627500	N/A	BEARING,TURBOCHARGER	Journal Bearing
3526280	352628000	N/A	SEAL,O RING	Other Spare
3526281	352628100	N/A	SEAL,O RING	Other Spare
3526282	352628200	N/A	SEAL,RECTANGULAR RING	Other Spare
3526283	352628300	N/A	SEAL,O RING	Other Spare
3526284	352628400	N/A	SEAL,RECTANGULAR RING	Other Spare
3526287	352628700	N/A	SEAL,SPLIT RING	Other Spare
3526288	352628800	N/A	SEAL,SPLIT RING	Other Spare
3526290	352629000	N/A	SEAL,SPLIT RING	Other Spare
3526291	352629100	N/A	SEAL,SPLIT RING	Other Spare
3526309	3526309	N/A	SCREW,HEXAGON HEAD SET	Other Spare
3526310	3526310	N/A	SCREW,HEXAGON HEAD CAP	Other Spare
3526311	3526311	N/A	SCREW,FLAT HEAD CAP	Other Spare
3526312	3526312	N/A	SCREW,HEXAGON HEADSET	Other Spare
3526318	352631800	N/A	RING,RETAINING	Other Spare
3526319	352631900	N/A	RING,RETAINING	Other Spare
3526320	3526320	N/A	RING,THRUST	Other Spare
3526323	3526323	N/A	WASHER,PLAIN	Other Spare
3526327	352632700	N/A	BEARING,TURBOCHARGER	Journal Bearing
3526340	3526340	N/A	SHAFT & WHEEL.HP70	Shaft And Wheel Assembly
3526360	4033610	3526360	TURBOCHARGER ID21 H2C	Turbocharger
3526365	352636500	N/A	KIT,GASKET.HX52	Kit
3526368	352636900	3526368	TURBOCHARGER,H1	Turbocharger
3526400	352640100	3526400	TURBO,H2D	Turbocharger
3526432	3526434	3526432	TURBOCHARGER,ID21,HC3	Turbocharger
3526465	4033135	3526465	TURBOCHARGER ID21 H2D	Turbocharger
3526467	352646700	N/A	HOUSING,COMPRESSOR.H2D	Compressor Housing
3526487	4033059	3526487	TURBOCHARGER ID21 H1E	Turbocharger
3526562	3526562	N/A	HOUSING,BEARING,H1E	Bearing Housing
3526571	352657100	N/A	HOUSING,COMPRESSOR	Compressor Housing
3526616	352661600	N/A	SCREW,HEXAGON HEAD SET	Other Spare
3526625	3526626	3526625	TURBOCHARGER,ID21,H1E	Turbocharger
3526646	4033096	3526646	TURBOCHARGER.ID21.H2D	Turbocharger
3526653	352665300	N/A	SCREW,CAPTIVE WASHER CAP	Other Spare
3526673	352667300	N/A	BEARING,TURBOCHARGER	Journal Bearing
3526710	3526710	N/A	HOUSING,TURBINE,H1E	Turbine Housing
3526739	352674000	3526739	TURBOCHARGER,H1	Turbocharger
3526793	3526793	N/A	HOUSING,TURBINE,H1E	Turbine Housing
3526801	380305500	3526801	TURBOCHARGER.ID21.HT4C	Turbocharger
3526810	352681000	N/A	HOUSING,TURBINE	Turbine Housing
3526911	352691100	N/A	IMPELLER,TUR COMPRESSOR	Compressor Wheel
3526922	4033598	3526922	TURBOCHARGER.ID21.H2D	Turbocharger
3526963	4033237	3526963	TURBOCHARGER ID21 H2D	Turbocharger
3526966	352696600	N/A	HOUSING,COMPRESSOR	Compressor Housing
3527017	4033211	3527017	TURBOCHARGER,ID21,H2D	Turbocharger
3527039	352703900	N/A	BEARING,TURBOCHARGER	Journal Bearing
3527047	352704700	N/A	IMPELLER,TURBO HT3B	Compressor Wheel
3527107	352712300	3527107	TURBOCHARGER.ID21.H1E	Turbocharger
3527122	352712200	N/A	HOUSING,TURBINE	Turbine Housing
3527141	3527141	N/A	STUD,	Other Spare
3527181	352718100	N/A	RING.RETAINING HY35	Other Spare
3527184	352718400	N/A	SCREW,HEXAGON HEAD SET	Other Spare
3527231	352723200	3527231	TURBOCHARGER	Turbocharger
3527270	3527270	N/A	SEAL,O RING	Other Spare
3527326	352732600	N/A	HOUSING,TURBINE	Turbine Housing
3527346	3527347	3527346	TURBOCHARGER ID21 HC3B	Turbocharger
3527370	352737100	3527370	TURBOCHARGER,H1	Turbocharger
3527380	3527380	N/A	HOUSING,TURBINE,HP70,SPROD	Turbine Housing
3527391	352739100	N/A	SHIELD,TURBOCHARGER HEAT	Other Spare
3527396	3527397	3527396	TURBOCHARGER ID21 H1C	Turbocharger
3527543	3527543	N/A	HOUSING,COMPRESSOR,WH2D	Compressor Housing
3527566	352756600	N/A	RING,RETAINING	Other Spare
3527609	4033632	3527609	TURBOCHARGER ID21 H2DM	Turbocharger
3527651	352765100	N/A	PLATE,COVER	Other Spare
3527755	352775500	N/A	SHIELD,TURBOCHARGER HEAT	Other Spare
3527759	352775900	N/A	CONNECTION,ADAPTER	Other Spare
3527825	352782500	N/A	ACTUATOR,TURBOCHARGER	Other Spare
3527859	3527859	N/A	COLLAR, THRUST,	Other Spare
3527930	352793000	N/A	HOUSING,COMPRESSOR.H2E	Compressor Housing
3527932	352793200	N/A	HOUSING,COMPRESSOR	Compressor Housing
3527987	352798700	N/A	HOUSING,COMPRESSOR	Compressor Housing
3527997	4033225	3527997	TURBOCHARGER ID21 H2D	Turbocharger
3528010	352801000	N/A	CONNECTION,ADAPTER	Other Spare
3528015	352801500	N/A	HOUSING,COMPRESSOR	Compressor Housing
3528016	4033109	3528016	TURBOCHARGER ID21 H2D	Turbocharger
3528018	4033110	3528018	TURBOCHARGER ID21 H2D	Turbocharger
3528026	4033097	3528026	TURBOCHARGER.ID21.H2D	Turbocharger
3528068	352806800	N/A	HOUSING,COMPRESSOR	Compressor Housing
3528087	4033307	3528087	TURBOCHARGER ID21 H1E	Turbocharger
3528094	352809400	N/A	BAFFLE,OIL	Other Spare
3528096	352809600	N/A	PLATE,OIL SEAL	Other Spare
3528104	352810400	N/A	BAFFLE,OIL	Other Spare
3528118	352811800	N/A	HOSE,PLAIN	Other Spare
3528121	352812100	N/A	COUPLING,ELBOW HOSE	Other Spare
3528123	352812300	N/A	IMPELLER,TURBO H2	Compressor Wheel
3528125	3528125	N/A	BRACKET,ACTUATOR,HX30W	Other Spare
3528128	4033528	3528128	TURBOCHARGER ID21 H2D	Turbocharger
3528177	352817700	N/A	END,ADJUSTING LINK	Other Spare
3528204	352820400	N/A	NUT.REGULAR HEXAGON.WH1E	Other Spare
3528216	352821600	N/A	HOUSING,TURBINE H2	Turbine Housing
3528221	352822100	N/A	RING,RETAINING	Other Spare
3528237	352823800	3528237	TURBOCHARGER,H1	Turbocharger
3528251	352825100	N/A	SHAFT & WHEEL.H2D	Shaft And Wheel Assembly
3528259	3528259	N/A	HOUSING,COMPRESSOR,H3B	Compressor Housing
3528352	4033098	3528352	TURBOCHARGER ID21 H1E	Turbocharger
3528354	4033548	3528354	TURBOCHARGER,ID21,H3B	Turbocharger
3528378	352837800	N/A	HOUSING,COMPRESSOR	Compressor Housing
3528380	352838000	N/A	HOUSING,COMPRESSOR.H1E	Compressor Housing
3528382	352838200	N/A	HOUSING,COMPRESSOR	Compressor Housing
3528414	352841400	N/A	NUT,REGULAR HEXAGON JAM	Other Spare
3528522	352852200	N/A	SEAL,SPLIT RING	Other Spare
3528568	4033128	3528568	TURBOCHARGER ID21 H1E	Turbocharger
3528621	4033187	3528621	TURBOCHARGER ID21 H1E	Turbocharger
3528638	352863800	N/A	HOUSING,TUR BEARING	Bearing Housing
3528639	380338900	3528639	TURBOCHARGER,H2E	Turbocharger
3528681	3528681	N/A	SEAL.SPLIT RING	Other Spare
3528703	4033600	3528703	TURBOCHARGER ID21 H2D	Turbocharger
3528708	352870900	3528708	TURBOCHARGER.ID21.H1E	Turbocharger
3528811	4033136	3528811	TURBOCHARGER ID21 H2D	Turbocharger
3528857	3528857	N/A	HOUSING,BEARING,WH2D,ASSY	Bearing Housing
3528887	352888700	N/A	HOUSING,COMPRESSOR	Compressor Housing
3528922	4033077	3528922	TURBOCHARGER ID21 H1C	Turbocharger
3528929	4033146	3528929	TURBOCHARGER ID21 H1E	Turbocharger
3528933	352893300	N/A	SEAL,O RING	Other Spare
3528941	4033111	3528941	TURBOCHARGER ID21 H2D	Turbocharger
3528999	352899900	N/A	HOUSING,COMPRESSOR	Compressor Housing
3529030	380185100	3529030	TURBOCHARGER,HT3B	Turbocharger
3529032	4033815	3529032	TURBOCHARGER,ID21,HT3B	Turbocharger
3529034	4033549	3529034	TURBOCHARGER,ID21,HT3B	Turbocharger
3529035	4033541	3529035	TURBOCHARGER,ID21,HT3B	Turbocharger
3529037	380332500	3529037	TURBOCHARGER,HT3B	Turbocharger
3529040	403354300	3529040	TURBOCHARGER.ID21.HT3B	Turbocharger
3529041	380327000	3529041	TURBOCHARGER,HT3B	Turbocharger
3529062	3529062	N/A	HOUSING,TURBINE.H1E	Turbine Housing
3529162	3529162	N/A	COLLAR, THRUST.	Other Spare
3529171	4033588	3529171	TURBOCHARGER ID21 H1C	Turbocharger
3529174	4033129	3529174	TURBOCHARGER ID21 H2D	Turbocharger
3529190	352919100	3529190	TURBOCHARGER,H2C	Turbocharger
3529372	352937200	N/A	NUT,REGULAR HEXAGON	Other Spare
3529431	352943100	N/A	BRACKET,ACTUATOR	Other Spare
3529511	352951100	N/A	HOUSING,COMPRESSOR	Compressor Housing
3529530	4033298	3529530	TURBOCHARGER ID21 H2D	Turbocharger
3529648	352964800	N/A	HOUSING,TURBINE	Turbine Housing
3529658	352965800	N/A	BAFFLE,OIL	Other Spare
3529661	4033330	3529661	TURBOCHARGER ID21 H2D	Turbocharger
3529667	380340600	3529667	TURBOCHARGER.ID21.HT3B	Turbocharger
3529680	4033208	3529680	TURBOCHARGER ID21 H1E	Turbocharger
3529685	3529685	N/A	HOUSING,COMPRESSOR,H3B	Compressor Housing
3529711	352971100	N/A	CONNECTION,ADAPTER	Other Spare
3529724	4033530	3529724	TURBOCHARGER ID21 H2D	Turbocharger
3529736	4033715	3529736	TURBOCHARGER,ID21,H2A	Turbocharger
3529761	352976200	3529761	TURBOCHARGER.ID21.H2D	Turbocharger
3529778	380340500	3529778	TURBOCHARGER,HT3B	Turbocharger
3529785	352978500	N/A	HOUSING,TURBINE	Turbine Housing
3529839	4033625	3529839	TURBOCHARGER ID21 H2D	Turbocharger
3529846	352984600	N/A	SHIELD,TURBOCHARGER HEAT	Other Spare
3529852	352985200	N/A	CLAMP,V BAND	Other Spare
3529856	352985600	N/A	ACTUATOR,TURBOCHARGER	Other Spare
3529882	352988200	N/A	HOUSING,TURBINE	Turbine Housing
3529919	352991900	N/A	CLAMP,V BAND	Other Spare
3529920	352992000	N/A	BRACE,ACTUATOR	Other Spare
3529922	352992200	N/A	BRACE,ACTUATOR	Other Spare
3530000	4033099	3530000	TURBOCHARGER ID21 H1E	Turbocharger
3530002	3530002	N/A	HOUSING,COMPRESSOR,H1E	Compressor Housing
3530039	353003900	N/A	HOUSING,COMPRESSOR	Compressor Housing
3530079	3530079	N/A	SHAFT & WHEEL.HX50	Shaft And Wheel Assembly
3530171	3530171	N/A	HOUSING,BEARING,HP70	Bearing Housing
3530197	4033633	3530197	TURBOCHARGER ID21 H2D	Turbocharger
3530474	4033049	3530474	TURBOCHARGER ID21 H1E	Turbocharger
3530528	4033291	3530528	TURBOCHARGER ID21 H1E	Turbocharger
3530536	4033323	3530536	TURBOCHARGER ID21 H2D	Turbocharger
3530548	4033112	3530548	TURBOCHARGER,ID21,H3B	Turbocharger
3530588	380363500	3530588	TURBOCHARGER,KIT.ID21.HT4C	Turbocharger
3530592	353059200	N/A	HOUSING,TUR BEARING	Bearing Housing
3530623	353062300	N/A	HOUSING,COMPRESSOR	Compressor Housing
3530624	353062400	N/A	HOUSING,TUR BEARING	Bearing Housing
3530625	353062500	N/A	HOUSING,TUR BEARING	Bearing Housing
3530626	353062600	N/A	HOUSING,TUR BEARING HT3B	Bearing Housing
3530627	353062700	N/A	HOUSING,TUR BEARING HT3B	Bearing Housing
3530641	4033928	3530641	TURBOCHARGER ID21 H3B	Turbocharger
3530669	4033261	3530669	TURBOCHARGER ID21 H1E	Turbocharger
3530726	353072600	N/A	STUD	Other Spare
3530796	3530796	N/A	HOUSING,BEARING,H1	Bearing Housing
3530811	4031069	3530811	TURBO DEBRAND ID21 H1E	Turbocharger
3530812	403107000	3530812	TURBOCHARGER,DEBRAND.ID21.H1E	Turbocharger
3530820	3530820	N/A	HOUSING,COMPRESSOR,H1E	Compressor Housing
3530879	403390600	3530879	TURBOCHARGER.ID21.H1C	Turbocharger
3530882	353088200	N/A	BEARING,TURBOCHARGER	Journal Bearing
3530890	4033180	3530890	TURBOCHARGER ID21 H3B	Turbocharger
3530923	353092300	N/A	PLATE,OIL SEAL	Other Spare
3530924	353092400	N/A	SLINGER,OIL	Other Spare
3530972	4033636	3530972	TURBOCHARGER,ID21,H2D	Turbocharger
3530980	4033066	3530980	TURBOCHARGER ID21 H2D	Turbocharger
3530983	353099100	3530983	TURBOCHARGER	Turbocharger
3530992	353099300	3530992	TURBOCHARGER	Turbocharger
3530994	353099500	3530994	TURBOCHARGER	Turbocharger
3530996	353099700	3530996	TURBOCHARGER	Turbocharger
3530998	353099800	N/A	BEARING.TUR SERVICE (OD.+10 ID.-10)	Journal Bearing
3530999	3530999	N/A	BEARING,JOURNAL H5	Journal Bearing
3531000	353100000	N/A	BEARING,TURBOCHARGER	Journal Bearing
3531002	3531002	N/A	HOUSING,TURBINE.H2D	Turbine Housing
3531036	353104200	3531036	TURBOCHARGER	Turbocharger
3531152	4033531	3531152	TURBOCHARGER ID21 H1C	Turbocharger
3531198	4033137	3531198	TURBOCHARGER ID21 H1E	Turbocharger
3531204	353120400	N/A	SCREW,HEXAGON HEAD SET	Other Spare
3531238	353123800	N/A	RING,RETAINING	Other Spare
3531276	4033550	3531276	TURBOCHARGER ID21 WH2D	Turbocharger
3531277	353127700	N/A	HOUSING,TUR BEARING	Bearing Housing
3531358	353135800	N/A	BEARING,TUR THRUST	Thrust Bearing
3531418	353141800	N/A	HOUSING,TURBINE	Turbine Housing
3531419	353141900	N/A	BEARING,TUR THRUST	Thrust Bearing
3531538	353153800	N/A	COMRESSOR, WHEEL	Compressor Wheel
3531562	353156200	N/A	CORE ASSEMBLY	Core
3531567	4033580	3531567	TURBOCHARGER,ID21,WH2D	Turbocharger
3531598	353159800	N/A	SCREW,HEXAGON HEAD SET	Other Spare
3531659	3531659	N/A	HOUSING,COMPRESSOR,H2D	Compressor Housing
3531669	4033104	3531669	TURBOCHARGER ID21 H2D	Turbocharger
3531696	353181000	3531696	TURBOCHARGER,H1	Turbocharger
3531697	380239200	3531697	TURBO,H1	Turbocharger
3531698	353181200	3531698	TURBOCHARGER,H1 WASTEGATE	Turbocharger
3531719	353175300	3531719	TURBOCHARGER	Turbocharger
3531727	353172700	N/A	HOUSING,TURBINE	Turbine Housing
3531730	353173000	N/A	HOUSING,TURBINE	Turbine Housing
3531731	353173100	N/A	HOUSING,TURBINE	Turbine Housing
3531763	353176300	N/A	SHAFT & WHEEL.HX50	Shaft And Wheel Assembly
3531770	353177000	N/A	HOUSING,TURBINE	Turbine Housing
3531771	353177100	N/A	HOUSING,TURBINE	Turbine Housing
3531772	353177300	3531772	TURBOCHARGER	Turbocharger
3531776	353177600	N/A	COLLAR,THRUST	Other Spare
3531814	3531814	N/A	ADAPTOR,CONNECTION WH1E	Other Spare
3531836	380358200	3531836	TURBO,H2E	Turbocharger
3531861	380357800	3531861	TURBOCHARGER,H2E	Turbocharger
3531868	353186800	N/A	COLLAR,THRUST	Other Spare
3531892	353189200	N/A	ACTUATOR,TURBOCHARGER	Other Spare
3531916	353191600	N/A	SLINGER,OIL	Other Spare
3531917	353191700	N/A	PLATE,OIL SEAL	Other Spare
3532045	353204500	N/A	CLAMP,V BAND	Other Spare
3532053	380358600	3532053	TURBOCHARGER,H2E	Turbocharger
3532065	353215200	3532065	TURBOCHARGER,H1	Turbocharger
3532066	353215300	3532066	TURBOCHARGER,H1	Turbocharger
3532067	353215400	3532067	TURBOCHARGER,H1	Turbocharger
3532195	353219500	N/A	SPACER.MOUNTING	Other Spare
3532196	353219600	N/A	SPACER,MOUNTING	Other Spare
3532197	3532197	N/A	SHAFT & WHEEL.HX60	Shaft And Wheel Assembly
3532198	353219800	N/A	WHEEL,TURBOCHARGER	Shaft And Wheel Assembly
3532200	353102700	3532200	TURBOCHARGER,H1	Turbocharger
3532202	353102900	3532202	TURBOCHARGER,H1	Turbocharger
3532204	353103100	3532204	TURBOCHARGER,H1	Turbocharger
3532205	353103200	3532205	TURBOCHARGER,H1	Turbocharger
3532206	353103300	3532206	TURBOCHARGER,H1	Turbocharger
3532207	353103400	3532207	TURBOCHARGER,H1	Turbocharger
3532207	380229700	3532207	TURBOCHARGER.H1C	Turbocharger
3532208	353103500	3532208	TURBOCHARGER,H1	Turbocharger
3532209	353103700	3532209	TURBOCHARGER,H1	Turbocharger
3532210	380223300	3532210	TURBO,H1	Turbocharger
3532211	353104000	3532211	TURBOCHARGER,H1	Turbocharger
3532211	380223500	3532211	TURBOCHARGER.H1C	Turbocharger
3532217	353221700	N/A	COLLAR,THRUST	Other Spare
3532222	380261300	3532222	TURBO,HX40 WASTEGATE	Turbocharger
3532295	3532295	N/A	HOUSING,TURBINE.H1E	Turbine Housing
3532296	4033262	3532296	TURBOCHARGER ID21 H1E	Turbocharger
3532298	353229800	N/A	SCREW,HEXAGON HEAD SET	Other Spare
3532299	353229900	N/A	HOUSING,TURBINE	Turbine Housing
3532395	3532395	N/A	HOUSING,BEARING,H2D,ASSY	Bearing Housing
3532422	3532422	N/A	HOUSING,COMPRESSOR,HX40	Compressor Housing
3532423	353242300	N/A	HOUSING,COMPRESSOR	Compressor Housing
3532427	353242700	N/A	BAFFLE,TURBOCHARGER NOISE	Other Spare
3532443	353244300	N/A	HOUSING,COMPRESSOR.H1E	Compressor Housing
3532465	3532465	N/A	HOUSING,COMPRESSOR,HX35	Compressor Housing
3532467	3532467	N/A	HOUSING,COMPRESSOR,HX35	Compressor Housing
3532474	380363900	3532474	TURBO,H2D	Turbocharger
3532476	353247700	3532476	TURBOCHARGER,H2C	Turbocharger
3532501	353250100	N/A	BAFFLE,OIL	Other Spare
3532516	4033130	3532516	TURBOCHARGER ID21 H1E	Turbocharger
3532519	353251900	N/A	HOUSING,TURBINE	Turbine Housing
3532552	3532552	N/A	ADAPTOR,CONNECTION HX35G	Other Spare
3532600	353260000	N/A	BRACKET.ACTUATOR.HX35W	Other Spare
3532622	353262200	N/A	ACTUATOR.TURBO.HX35W	Other Spare
3532630	3532630	N/A	HOUSING,BEARING,HX40	Bearing Housing
3532632	353263200	N/A	HOUSING,TUR BEARING	Bearing Housing
3532671	353267100	N/A	BRACKET.ACTUATOR.HX35W	Other Spare
3532676	353267600	N/A	HOUSING,TURBINE.WH1C.ASSY	Turbine Housing
3532694	353269400	N/A	HOUSING,BEARING.HX35	Bearing Housing
3532710	353271000	N/A	HOUSING,TURBINE	Turbine Housing
3532801	353280200	3532801	TURBOCHARGER.ID21.H1E	Turbocharger
3532814	353281400	N/A	RING.SPLIT	Other Spare
3532819	380367000	3532819	TURBOCHARGER.ID21-5.HT3B	Turbocharger
3532820	380367100	3532820	TURBOCHARGER,HT3B	Turbocharger
3532822	380367300	3532822	TURBOCHARGER,HT3B	Turbocharger
3532940	353294000	N/A	SCREW,HEXAGON HEAD SET	Other Spare
3532973	403361700	3532973	TURBOCHARGER.ID21.HX50	Turbocharger
3533005	380261400	3533005	TURBO,HX40 WASTEGATE	Turbocharger
3533008	380261800	3533008	TURBOCHARGER,HX40	Turbocharger
3533010	380261900	3533010	TURBO,HX40 WASTEGATE	Turbocharger
3533022	3533022	N/A	HOUSING,COMPRESSOR,HX50	Compressor Housing
3533025	353302500	N/A	WHEEL,TURBOCHARGER	Shaft And Wheel Assembly
3533038	353303800	N/A	SHIELD,TURBOCHARGER HEAT	Other Spare
3533044	3533044	N/A	HOUSING,BEARING,HX50	Bearing Housing
3533051	3533051	N/A	HOUSING,BEARING,HX50	Bearing Housing
3533052	3533052	N/A	HOUSING,BEARING,HX50,ASSY	Bearing Housing
3533062	3533062	N/A	GASKET,HX50 WATERCOOLED T/HSG	Other Spare
3533068	353306800	N/A	HOUSING,TUR BEARING H2	Bearing Housing
3533073	3533073	N/A	ACTUATOR,HX60W	Other Spare
3533088	380365900	3533088	TURBOCHARGER,H2 WATERCOOL	Turbocharger
3533090	380366000	3533090	TURBOCHARGER,H2 WATERCOOL	Turbocharger
3533098	4033218	3533098	TURBOCHARGER ID21 H3B	Turbocharger
3533132	353313300	3533132	TURBOCHARGER	Turbocharger
3533135	353313500	N/A	ACTUATOR,TURBOCHARGER	Other Spare
3533141	353314100	N/A	HOUSING,TURBINE	Turbine Housing
3533163	353316300	N/A	RING,RETAINING	Other Spare
3533195	353319500	N/A	HOUSING,TUR BEARING HX50	Bearing Housing
3533210	4033375	3533210	TURBOCHARGER ID21 H3B	Turbocharger
3533212	4033390	3533212	TURBOCHARGER ID21 H3B	Turbocharger
3533261	4033280	3533261	TURBOCHARGER ID21 WH2D	Turbocharger
3533263	4033016	3533263	TURBOCHARGER ID21 WH2D	Turbocharger
3533297	353329700	N/A	HOUSING,COMPRESSOR	Compressor Housing
3533328	353332800	N/A	BRACKET.ACTUATOR.WH1E	Other Spare
3533363	3533363	N/A	HOUSING,COMPRESSOR,H3B	Compressor Housing
3533383	3533384	3533383	TURBOCHARGER,ID21,H1E	Turbocharger
3533410	353341000	N/A	HOUSING,TURBINE.HX50	Turbine Housing
3533476	3533476	N/A	HOUSING,TURBINE.H1E	Turbine Housing
3533477	3533478	3533477	TURBOCHARGER,ID21,H1E	Turbocharger
3533526	3533527	3533526	TURBOCHARGER,ID21,H2C	Turbocharger
3533542	3533542	N/A	HOUSING,BEARING,HX55,ASSY	Bearing Housing
3533543	3533543	N/A	SHAFT & WHEEL.HX55	Shaft And Wheel Assembly
3533553	353355300	N/A	SCREW,HEXAGON HEAD CAP	Other Spare
3533557	380371000	3533557	TURBOCHARGER,HX50	Turbocharger
3533595	403390000	3533595	TURBOCHARGER.ID21.H1E	Turbocharger
3533616	4033605	3533616	TURBOCHARGER ID21 H2D	Turbocharger
3533674	353367400	N/A	BEARING,TUR THRUST	Thrust Bearing
3533707	353370700	N/A	RING,RETAINING	Other Spare
3533708	3533708	N/A	BAFFLE,NOISE HX60	Other Spare
3533716	3533716	N/A	HOUSING,TURBINE.4LG	Turbine Housing
3533755	3533755	N/A	HOUSING,COMPRESSOR,WH1E,ASSY	Compressor Housing
3533759	353375900	N/A	FITTING,BANJO	Other Spare
3533760	353376000	N/A	SCREW,BANJO CONNECTOR	Other Spare
3533764	3533764	N/A	HOUSING,TURBINE.H1E	Turbine Housing
3533770	3533770	N/A	BEARING.THRUST H3B (YELLOW)	Thrust Bearing
3533830	353383000	N/A	HOUSING,TURBINE	Turbine Housing
3533913	4033626	3533913	TURBOCHARGER ID21 H1E	Turbocharger
3533948	353394800	N/A	ACTUATOR,TURBOCHARGER	Other Spare
3533949	353394900	N/A	ACTUATOR.ASSY.WH1C	Other Spare
3533951	4033151	3533951	TURBOCHARGER ID21 HX50	Turbocharger
3533955	353395500	N/A	SEAL,O RING	Other Spare
3533956	3533956	N/A	HOUSING,COMPRESSOR,HX50	Compressor Housing
3533983	3533983	N/A	HOUSING,BEARING,HX60	Bearing Housing
3533985	3533985	N/A	HOUSING,BEARING,HX60,ASSY	Bearing Housing
3533988	4033113	3533988	TURBOCHARGER ID21 H3B	Turbocharger
3534019	3534610	3534019	TURBOCHARGER,ID21,WH1E	Turbocharger
3534034	3534035	3534034	TURBOCHARGER,ID21,WH2D	Turbocharger
3534109	353410900	N/A	COLLAR,THRUST	Other Spare
3534183	3534183	N/A	HOUSING,COMPRESSOR,HX60W	Compressor Housing
3534193	3534193	N/A	HOUSING,BEARING,H3B,ASSY	Bearing Housing
3534204	4033302	3534204	TURBOCHARGER ID21 H2D	Turbocharger
3534218	3534218	N/A	HOUSING,COMPRESSOR,HX40	Compressor Housing
3534233	3534237	3534233	TURBOCHARGER,ID21,WH1E	Turbocharger
3534241	3534242	3534241	TURBOCHARGER,ID21,WH1C	Turbocharger
3534285	3534286	3534285	TURBOCHARGER,ID21,H1C	Turbocharger
3534291	353429100	N/A	SCREW.HEXAGON HEADSET	Other Spare
3534301	380379700	3534301	TURBO,H2E	Turbocharger
3534309	353430900	N/A	PLATE.CLAMPING.HX40	Other Spare
3534311	3534311	N/A	HOUSING,TURBINE.HX40	Turbine Housing
3534314	3534314	N/A	HOUSING,TURBINE.HX40	Turbine Housing
3534334	3534475	3534334	TURBOCHARGER,ID21,WH1E	Turbocharger
3534355	4033179	3534355	TURBOCHARGER ID21 HX50W	Turbocharger
3534371	3534372	3534371	TURBOCHARGER,ID21,H1C	Turbocharger
3534373	3534374	3534373	TURBOCHARGER,ID21,H1C	Turbocharger
3534375	3534376	3534375	TURBOCHARGER,ID21,H1E	Turbocharger
3534377	3534378	3534377	TURBOCHARGER,ID21,H1E	Turbocharger
3534391	3534391	N/A	NUT,LOCK	Other Spare
3534412	3534412	N/A	BRACKET,ACTUATOR WH1E,ASSY	Other Spare
3534451	353445100	N/A	COLLAR,THRUST	Other Spare
3534469	353453000	3534469	TURBOCHARGER	Turbocharger
3534487	3534487	N/A	HOUSING,BEARING,HX35	Bearing Housing
3534494	4033618	3534494	TURBOCHARGER ID21 H1E	Turbocharger
3534521	3534521	N/A	KIT,GASKET,4LGK	Kit
3534534	3534534	N/A	ACTUATOR,PERMANENT ASSEMBLY,HX35G	Other Spare
3534617	4033891	3534617	TURBOCHARGER.ID21.WH1E	Turbocharger
3534622	3534622	N/A	HOSE,PLAIN	Other Spare
3534635	3534635	N/A	HOUSING,TURBINE.WH1E.ASSY	Turbine Housing
3534650	353465000	N/A	IMPELLER,TUR COMPRESSOR	Compressor Wheel
3534685	4033035	3534685	TURBOCHARGER ID21 H3B	Turbocharger
3534712	3534712	N/A	HOUSING,TURBINE.HX60	Turbine Housing
3534833	353483300	N/A	BEARING,TURBOCHARGER	Journal Bearing
3534856	3534856	N/A	SHAFT & WHEEL.HX50	Shaft And Wheel Assembly
3534880	353488000	N/A	HOSE,PLAIN	Other Spare
3534906	3534906	N/A	HOUSING,TURBINE.HX50	Turbine Housing
3534907	3534907	N/A	HOUSING,TURBINE.HX50	Turbine Housing
3534908	3534908	N/A	HOUSING,TURBINE.HX50	Turbine Housing
3534917	380267600	3534917	TURBO,HX35W	Turbocharger
3534921	380277700	3534921	TURBO,HX35W	Turbocharger
3534923	380277800	3534923	TURBOCHARGER,HX35 WASTEGA	Turbocharger
3534925	380277900	3534925	TURBO,HX35W	Turbocharger
3534927	353492800	3534927	TURBOCHARGER	Turbocharger
3534929	380259800	3534929	TURBO,H1	Turbocharger
3534931	380259900	3534931	TURBOCHARGER,H1	Turbocharger
3534947	353494700	N/A	DIFFUSER,TURBOCHARGER	Other Spare
3534957	403323000	3534957	TURBOCHARGER.ID21.WH2D	Turbocharger
3534960	4033340	3534960	TURBOCHARGER ID21 WH2D	Turbocharger
3534991	3534992	3534991	TURBOCHARGER,ID21,H1C	Turbocharger
3535001	353500100	N/A	GASKET,TURBOCHARGER	Other Spare
3535040	4033215	3535040	TURBOCHARGER ID21 HX40W	Turbocharger
3535043	3535044	3535043	TURBOCHARGER,ID21,H2D	Turbocharger
3535066	3535066	N/A	HOUSING,COMPRESSOR,H2D	Compressor Housing
3535067	3535067	N/A	HOUSING,COMPRESSOR,HX50	Compressor Housing
3535068	3535068	N/A	HOUSING,COMPRESSOR,H2D	Compressor Housing
3535069	3535069	N/A	HOUSING,COMPRESSOR,HX50W,ASSY	Compressor Housing
3535070	3535070	N/A	HOUSING,COMPRESSOR,HX50	Compressor Housing
3535071	3535071	N/A	HOUSING,COMPRESSOR,HX50	Compressor Housing
3535077	3535077	N/A	SCREW.SET	Other Spare
3535087	378665000	3535087	TURBOCHARGER.WH1C	Turbocharger
3535095	4033058	3535095	TURBOCHARGER ID21 HX50	Turbocharger
3535106	353510600	N/A	ACTUATOR.ASSY.WH1E	Other Spare
3535109	3535109	N/A	SEAL.O RING	Other Spare
3535161	3535161	N/A	SHAFT & WHEEL.HX50	Shaft And Wheel Assembly
3535170	380398900	3535170	TURBO,H2E	Turbocharger
3535203	353520300	N/A	BRACKET,ACTUATOR	Other Spare
3535215	353521500	N/A	CLAMP,HOSE	Other Spare
3535237	3535237	N/A	CORE ASSEMBLY,H1E	Core
3535243	353524300	N/A	GASKET,CONNECTION	Other Spare
3535322	4033691	3535322	TURBOCHARGER ID21 H2D	Turbocharger
3535324	353532400	N/A	CORE ASSEMBLY	Core
3535359	3535359	N/A	SHAFT & WHEEL.HX40	Shaft And Wheel Assembly
3535361	403365500	3535361	TURBOCHARGER.ID21.H1E	Turbocharger
3535378	403392900	3535378	TURBOCHARGER.ID21.H2D	Turbocharger
3535391	3535391	N/A	CLAMP.V BAND HP70.NUT ASSY	Other Spare
3535399	353539900	N/A	CLAMP,V BAND	Other Spare
3535403	4033279	3535403	TURBOCHARGER, ID21, WH2D	Turbocharger
3535463	4033125	3535463	TURBOCHARGER ID21 HX50	Turbocharger
3535491	3535491	N/A	ACTUATOR,TURBO,WH2D	Other Spare
3535575	353557500	N/A	HOUSING,TUR BEARING	Bearing Housing
3535599	3535599	N/A	PLUG,THREADED HX35	Other Spare
3535600	353560000	N/A	SEAL,O RING	Other Spare
3535617	380264900	3535617	TURBO,HX40W	Turbocharger
3535635	380265100	3535635	TURBO,HX40 WASTEGATE	Turbocharger
3535653	3535653	N/A	HOUSING,TURBINE.HX50	Turbine Housing
3535656	353565600	N/A	HOUSING,TURBINE	Turbine Housing
3535704	353570400	N/A	HOUSING,TUR BEARING	Bearing Housing
3535718	353571800	N/A	ACTUATOR,TURBOCHARGER	Other Spare
3535737	4033677	3535737	TURBOCHARGER ID21 H2D	Turbocharger
3535784	353578400	N/A	HOUSING,TURBINE	Turbine Housing
3535787	380282600	3535787	TURBO,HX40W	Turbocharger
3535789	3535790	3535789	TURBOCHARGER,ID21,HX40W	Turbocharger
3535798	403393000	3535798	TURBOCHARGER.ID21.HX50W	Turbocharger
3535800	353580000	N/A	RING,RETAINING	Other Spare
3535811	353581100	N/A	HOUSING,COMPRESSOR	Compressor Housing
3535813	353581300	N/A	HOUSING,COMPRESSOR	Compressor Housing
3535818	3535819	3535818	TURBOCHARGER,ID21,H1E	Turbocharger
3535825	353582500	N/A	WHEEL,TURBOCHARGER	Shaft And Wheel Assembly
3535861	353586100	N/A	ACTUATOR,TURBOCHARGER	Other Spare
3535874	353587400	N/A	STUD	Other Spare
3535970	403389500	3535970	TURBOCHARGER.ID21.WH1E	Turbocharger
3535971	353597100	N/A	WASHER,PLAIN	Other Spare
3535983	353598300	N/A	WHEEL,TURBOCHARGER	Shaft And Wheel Assembly
3536009	353600900	N/A	HOUSING,TUR BEARING	Bearing Housing
3536014	3536014	N/A	HOUSING,TURBINE.HT60	Turbine Housing
3536056	4033242	3536056	TURBOCHARGER,ID21,HX40W	Turbocharger
3536058	3537290	3536058	TURBOCHARGER,ID21,HX40W	Turbocharger
3536071	353607100	N/A	HOUSING,COMPRESSOR	Compressor Housing
3536075	353607500	N/A	BEARING.THRUST HT60	Thrust Bearing
3536095	380430800	3536095	TURBOCHARGER,BHT3E	Turbocharger
3536097	353609700	N/A	HOUSING,TUR BEARING	Bearing Housing
3536143	3536143	N/A	SEAL.SPLIT RING	Other Spare
3536144	353614400	N/A	GASKET,TURBOCHARGER	Other Spare
3536163	353616300	3536163	TURBOCHARGER,HC3	Turbocharger
3536184	4033061	3536184	TURBOCHARGER ID21 HX60	Turbocharger
3536211	353621100	N/A	ACTUATOR,TURBOCHARGER	Other Spare
3536212	353621300	3536212	TURBOCHARGER,H1 WASTEGATE	Turbocharger
3536212	380268200	3536212	TURBOCHARGER.WH1C	Turbocharger
3536216	3536217	3536216	TURBOCHARGER,ID21,WH1E	Turbocharger
3536218	353621900	3536218	TURBOCHARGER,H1 WASTEGATE	Turbocharger
3536258	4033311	3536258	TURBOCHARGER ID21 H2S	Turbocharger
3536262	380480300	3536262	TURBOCHARGER,BHT4C	Turbocharger
3536296	380269900	3536296	TURBO,HX40 WASTEGATE	Turbocharger
3536305	380270500	3536305	TURBO,HX40 WASTEGATE	Turbocharger
3536309	353631000	3536309	TURBOCHARGER	Turbocharger
3536313	380269400	3536313	TURBOCHARGER,HX35 WASTEGA	Turbocharger
3536319	380269500	3536319	TURBO,HX35W	Turbocharger
3536321	380269600	3536321	TURBOCHARGER,HX35 WASTEGA	Turbocharger
3536327	380269700	3536327	TURBO,HX35W	Turbocharger
3536329	380273900	3536329	TURBOCHARGER,HX40W	Turbocharger
3536333	380276900	3536333	TURBO,HX40 WASTEGATE	Turbocharger
3536338	4033393	3536338	TURBOCHARGER,ID21,HX35	Turbocharger
3536375	353637500	N/A	GASKET,CONNECTION	Other Spare
3536388	353638800	N/A	BRACKET.ACTUATOR HX40W.ASSY	Other Spare
3536404	3537288	3536404	TURBOCHARGER,ID21,HX40W	Turbocharger
3536405	283518100	3536405	TURBOCHARGER	Turbocharger
3536452	3536452	N/A	HOUSING,BEARING,HX40,ASSY	Bearing Housing
3536454	3536454	N/A	HOUSING,BEARING,HX40,ASSY	Bearing Housing
3536471	353647200	3536471	TURBOCHARGER.ID21.HX35W	Turbocharger
3536473	3536474	3536473	TURBOCHARGER,ID21,HX35	Turbocharger
3536495	3536495	N/A	HOUSING,COMPRESSOR,HX35	Compressor Housing
3536502	3536502	N/A	HOUSING,COMPRESSOR,HX35	Compressor Housing
3536533	3536533	N/A	HOSE,RED 297MM LONG-VARIOUS	Other Spare
3536564	4033126	3536564	TURBOCHARGER ID21 H2D	Turbocharger
3536611	3536611	N/A	HOUSING,BEARING,HX40,ASSY	Bearing Housing
3536612	403362900	3536612	TURBOCHARGER.ID21.HX50W	Turbocharger
3536617	353661700	N/A	HOUSING,TURBINE	Turbine Housing
3536620	380282900	3536620	TURBOCHARGER.ID21-5.HX40M	Turbocharger
3536623	3536623	N/A	HOUSING,COMPRESSOR,HX40	Compressor Housing
3536624	353662400	N/A	SHAFT & WHEEL	Shaft And Wheel Assembly
3536660	3536660	N/A	HOUSING,COMPRESSOR,HX30	Compressor Housing
3536675	4033342	3536675	TURBOCHARGER,ID21,HX35G	Turbocharger
3536719	353672000	3536719	TURBOCHARGER,H1	Turbocharger
3536723	353672400	3536723	TURBOCHARGER	Turbocharger
3536736	3536736	N/A	HOUSING,TURBINE.HX50	Turbine Housing
3536749	4033114	3536749	TURBOCHARGER ID21 HX50	Turbocharger
3536778	353677800	N/A	HOUSING,COMPRESSOR	Compressor Housing
3536802	353680200	N/A	HOUSING,BEARING.HX60.ASSY	Bearing Housing
3536803	380456500	3536803	TURBOCGARGER,HT60	Turbocharger
3536804	380456600	3536804	TURBOCHARGER,HT60	Turbocharger
3536805	380456700	3536805	TURBOCGARGER,HT60	Turbocharger
3536807	380456900	3536807	TURBOCGARGER,HT60	Turbocharger
3536808	380457000	3536808	TURBOCGARGER,HT60	Turbocharger
3536816	4033357	3536816	TURBOCHARGER ID21 HX50W	Turbocharger
3536860	3536860	N/A	HOUSING,TURBINE.HX35W.PER ASSY	Turbine Housing
3536862	4033606	3536862	TURBOCHARGER ID21 WH2D	Turbocharger
3536871	3536871	N/A	HOUSING,TURBINE.HX60	Turbine Housing
3536873	3536873	N/A	HOUSING,TURBINE.HX60W. ASSY	Turbine Housing
3536890	353689000	N/A	HOUSING,TURBINE	Turbine Housing
3536914	353691400	N/A	BEARING,TUR THRUST	Thrust Bearing
3536935	3536935	N/A	HOUSING,TURBINE.HX60	Turbine Housing
3536942	353694200	N/A	HOUSING,TURBINE	Turbine Housing
3536971	380276700	3536971	TURBOCHARGER,HX35 WASTEGA	Turbocharger
3536977	380276800	3536977	TURBOCHARGER,HX35 WASTEGA	Turbocharger
3536998	353699800	N/A	HOUSING,TURBINE	Turbine Housing
3537000	3537000	N/A	HOUSING,TURBINE.HT60	Turbine Housing
3537002	3537002	N/A	HOUSING,BEARING,HT60W	Bearing Housing
3537021	3537021	N/A	HOUSING,TURBINE.HX35	Turbine Housing
3537051	353705100	N/A	HOUSING,TUR BEARING	Bearing Housing
3537062	353706300	3537062	TURBOCHARGER	Turbocharger
3537068	353706800	N/A	HOUSING,TURBINE	Turbine Housing
3537073	353707300	N/A	ACTUATOR,TURBOCHARGER	Other Spare
3537074	380450200	3537074	TURBOCHARGER,HT60	Turbocharger
3537112	353711200	N/A	HOUSING,TUR BEARING	Bearing Housing
3537130	380285900	3537130	TURBOCHARGER.ID21-5.HX40W	Turbocharger
3537132	380277000	3537132	TURBO,HX35	Turbocharger
3537177	353717700	N/A	ACTUATOR,TURBOCHARGER	Other Spare
3537189	3537190	3537189	TURBOCHARGER ID21 H1C	Turbocharger
3537202	380286500	3537202	TURBOCHARGER.ID21-5.HX40W	Turbocharger
3537204	3537204	N/A	DIFFUSER,H1E,STEEL	Other Spare
3537206	3786652	3537206	TURBOCHARGER, ID21, HX50W	Turbocharger
3537245	380393900	3537245	TURBOCHARGER,H2 WATERCOOL	Turbocharger
3537299	3537299	N/A	HOUSING,TURBINE.HX50	Turbine Housing
3537326	3537326	N/A	RING,RETAINING HX55V	Other Spare
3537334	353733400	N/A	HOUSING,COMPRESSOR	Compressor Housing
3537355	4033017	3537355	TURBOCHARGER ID21 H1C	Turbocharger
3537374	3537374	N/A	HOUSING,TURBINE.HX50	Turbine Housing
3537376	353737600	N/A	CONNECTION,ADAPTER	Other Spare
3537421	3537421	N/A	UNION.MALE	Other Spare
3537424	3537425	3537424	TURBOCHARGER,ID21,H1C	Turbocharger
3537461	3537463	3537461	TURBOCHARGER ID21 HX35	Turbocharger
3537491	3537491	N/A	HOUSING,TURBINE.HX35W.PER ASSY	Turbine Housing
3537494	3537497	3537494	TURBOCHARGER,ID21,HX35W	Turbocharger
3537495	3537499	3537495	TURBOCHARGER,ID21,HX35W	Turbocharger
3537551	353755200	3537551	TURBOCHARGER.H1E	Turbocharger
3537560	353756000	N/A	ACTUATOR,TURBOCHARGER	Other Spare
3537561	353756100	N/A	ACTUATOR.ASSY.HX30W	Other Spare
3537568	380286600	3537568	TURBO,HX40 WASTEGATE	Turbocharger
3537668	353766800	N/A	HOUSING,TURBINE	Turbine Housing
3537709	3537709	N/A	ACTUATOR,HX40W	Other Spare
3537726	3537726	N/A	HOUSING,COMPRESSOR,HX35	Compressor Housing
3537732	3537732	N/A	HOUSING,COMPRESSOR,HX35	Compressor Housing
3537736	4033613	3537736	TURBOCHARGER ID21 H3B	Turbocharger
3537762	380288800	3537762	TURBO,HX40W	Turbocharger
3537811	353781100	N/A	CORE ASSEMBLY HX35G	Core
3537815	353781500	N/A	CORE ASSEMBLY HX35W	Core
3537817	353781700	N/A	CORE ASSEMBLY	Core
3537826	353782600	N/A	CORE ASSEMBLY	Core
3537827	353782700	N/A	CORE ASSEMBLY H1C	Core
3537828	353782800	N/A	CORE ASSEMBLY H1C	Core
3537915	3537915	N/A	SEAL.O RING	Other Spare
3537930	3537930	N/A	COUPLING,ELBOW HOSE	Other Spare
3537939	3537940	3537939	TURBOCHARGER,ID21,H2D	Turbocharger
3537945	4037543	3537945	TURBOCHARGER,ID21,HX60	Turbocharger
3537955	353795500	N/A	HOUSING,TURBINE.HX30	Turbine Housing
3537960	353796000	N/A	GASKET,TURBOCHARGER	Other Spare
3537963	403355500	3537963	TURBO,CTT XREF ONLY	Turbocharger
3537965	3537965	N/A	HOUSING,BEARING,HX40,ASSY	Bearing Housing
3537979	353797900	N/A	CONNECTION,ADAPTER	Other Spare
3537983	3537983	N/A	HOUSING,TURBINE.HX40	Turbine Housing
3538014	3538014	N/A	HOUSING,COMPRESSOR,HX50	Compressor Housing
3538121	380289400	3538121	TURBO,HX40W	Turbocharger
3538144	3538144	N/A	HOUSING,COMPRESSOR,H2D	Compressor Housing
3538145	3538145	N/A	HOUSING,COMPRESSOR,H2D	Compressor Housing
3538180	353818000	N/A	CONNECTION,ADAPTER	Other Spare
3538198	3538198	N/A	HOUSING,BEARING,HX40,ASSY	Bearing Housing
3538202	3538202	N/A	HOUSING,COMPRESSOR,HX40W,ASSY	Compressor Housing
3538212	380037700	3538212	TURBO,HX40 WASTEGATE	Turbocharger
3538235	380040200	3538235	TURBO,HX40W	Turbocharger
3538239	380040300	3538239	TURBO,HX40W	Turbocharger
3538350	380485800	3538350	TURBOCHARGER.ID21-5.HX40W	Turbocharger
3538353	353835500	3538353	TURBOCHARGER	Turbocharger
3538378	353837800	N/A	BRACKET.ACTUATOR.HX50W	Other Spare
3538379	3538379	N/A	CORE ASSEMBLY,HX40	Core
3538395	380480000	3538395	TURBOCHARGER,BHT3E	Turbocharger
3538396	380480100	3538396	TURBOCHARGER,BHT3E	Turbocharger
3538397	380480400	3538397	TURBOCHARGER,HT3B	Turbocharger
3538398	380480200	3538398	TURBOCHARGER,BHT4C	Turbocharger
3538399	380480500	3538399	TURBOCHARGER,HT60	Turbocharger
3538401	380480700	3538401	TURBOCHARGER,HT60	Turbocharger
3538411	3538411	N/A	BRACKET,ACTUATOR,HX50W	Other Spare
3538452	3538453	3538452	TURBOCHARGER,ID21,HX35M	Turbocharger
3538468	353846800	N/A	HOSE,PLAIN	Other Spare
3538472	353847200	N/A	CORE ASSEMBLY H1E	Core
3538474	353847400	N/A	CORE ASSEMBLY H1D	Core
3538490	3538490	N/A	HOUSING,TURBINE.HX50	Turbine Housing
3538544	353854500	3538544	TURBOCHARGER	Turbocharger
3538572	3538573	3538572	TURBOCHARGER,ID21,HX40W	Turbocharger
3538574	3538707	3538574	TURBOCHARGER,ID21,HX40W	Turbocharger
3538582	3538582	N/A	HOUSING,COMPRESSOR,HX40	Compressor Housing
3538622	3538622	N/A	HOUSING,TURBINE.H2D.ASSY	Turbine Housing
3538623	3538624	3538623	TURBOCHARGER,ID21,H2D	Turbocharger
3538626	3538629	3538626	TURBOCHARGER,ID21,HX35W	Turbocharger
3538630	3538632	3538630	TURBOCHARGER,ID21,HX35W	Turbocharger
3538659	353865900	N/A	HOUSING,COMPRESSOR.HX40W.ASSY	Compressor Housing
3538663	4033425	3538663	TURBOCHARGER ID21 HX50	Turbocharger
3538678	3538678	N/A	HOUSING,BEARING,HX40,ASSY	Bearing Housing
3538687	380289500	3538687	TURBOCHARGER,HX35GAS	Turbocharger
3538696	380289600	3538696	TURBO,HX40W	Turbocharger
3538698	380289800	3538698	TURBOCHARGER,KIT.ID21.HX40W	Turbocharger
3538702	3538703	3538702	TURBOCHARGER,ID21,HX35G	Turbocharger
3538716	403113800	3538716	TURBOCHARGER,DEBRAND.ID21.HX55	Turbocharger
3538730	353873100	3538730	TURBOCHARGER,HX35GAS	Turbocharger
3538769	353876900	N/A	HOUSING,COMPRESSOR.HX35	Compressor Housing
3538771	3538771	N/A	HOUSING,TURBINE.HX60	Turbine Housing
3538772	4033069	3538772	TURBOCHARGER ID21 HX60	Turbocharger
3538775	353877500	N/A	ACTUATOR.ASSY.HX35G	Other Spare
3538783	353878300	N/A	HOUSING,COMPRESSOR	Compressor Housing
3538794	353879400	N/A	CORE ASSEMBLY H1C	Core
3538820	4033147	3538820	TURBOCHARGER ID21 H2D	Turbocharger
3538852	380289700	3538852	TURBOCHARGER,KIT.ID21.HX40W	Turbocharger
3538856	4033765	3538856	TURBOCHARGER,ID21,HX40W	Turbocharger
3538862	4033403	3538862	TURBOCHARGER ID21 HX50	Turbocharger
3538868	380287800	3538868	TURBOCHARGER,HX35 WASTEGA	Turbocharger
3538873	380287900	3538873	TURBOCHARGER,HX35 WASTEGA	Turbocharger
3538876	380288000	3538876	TURBOCHARGER,HX35 WASTEGA	Turbocharger
3538881	380288100	3538881	TURBOCHARGER,HX35 WASTEGA	Turbocharger
3538883	380288200	3538883	TURBOCHARGER,HX35 WASTEGA	Turbocharger
3538905	4033244	3538905	TURBOCHARGER ID21 H2D	Turbocharger
3538929	353892900	N/A	CLAMP,V BAND	Other Spare
3538933	3538933	N/A	SEAL.O RING HX25	Other Spare
3538944	3538944	N/A	HOUSING,TURBINE.HX50	Turbine Housing
3538968	4033426	3538968	TURBOCHARGER ID21 H2D	Turbocharger
3538977	4033115	3538977	TURBOCHARGER ID21 H2D	Turbocharger
3538979	3538979	N/A	GASKET,OIL DRAIN	Other Spare
3539003	353900300	N/A	CONNECTION,ADAPTER	Other Spare
3539005	3539005	N/A	HOUSING,TURBINE.HX50	Turbine Housing
3539018	380037900	3539018	TURBOCHARGER,HX40	Turbocharger
3539026	353902600	N/A	HOUSING,COMPRESSOR	Compressor Housing
3539060	353906000	N/A	CONNECTION,ADAPTER	Other Spare
3539071	3539071	N/A	CORE ASSEMBLY,HX25	Core
3539085	353908500	N/A	HOUSING,TURBINE	Turbine Housing
3539099	3539099	N/A	HOUSING,BEARING,HX55	Bearing Housing
3539119	4033141	3539119	TURBOCHARGER ID21 HX60	Turbocharger
3539123	3539123	N/A	IMPELLER,HX60	Compressor Wheel
3539151	353915200	3539151	TURBO,HX35	Turbocharger
3539160	3539160	N/A	HOUSING,TURBINE.HX50	Turbine Housing
3539162	4033385	3539162	TURBOCHARGER ID21 HX50	Turbocharger
3539209	353920900	N/A	SCREW.HEXAGON HEADSET	Other Spare
3539235	4033116	3539235	TURBOCHARGER ID21 HX50	Turbocharger
3539298	353929800	N/A	ACTUATOR.ASSY.HX35G	Other Spare
3539323	3539323	N/A	HOUSING,TURBINE.HX35W.ASSY	Turbine Housing
3539330	353933000	N/A	ACTUATOR,TURBOCHARGER	Other Spare
3539343	380294600	3539343	TURBOCHARGER,HX35 WASTEGA	Turbocharger
3539351	3539351	N/A	HOUSING,TURBINE.HX50M.ASSY	Turbine Housing
3539369	380299200	3539369	TURBOCHARGER,HX35 WASTEGA	Turbocharger
3539371	380299300	3539371	TURBOCHARGER,HX35 WASTEGA	Turbocharger
3539373	380299400	3539373	TURBOCHARGER,HX35 WASTEGA	Turbocharger
3539388	3539388	N/A	SHAFT & WHEEL.HX60	Shaft And Wheel Assembly
3539428	378719200	3539428	TURBOCHARGER.ID21.WH1C	Turbocharger
3539458	353945800	N/A	CLAMP,V BAND	Other Spare
3539466	3539467	3539466	TURBOCHARGER ID21 H1C	Turbocharger
3539470	3539471	3539470	TURBOCHARGER ID21 H1E	Turbocharger
3539512	3539512	N/A	SHAFT & WHEEL.HX55	Shaft And Wheel Assembly
3539528	3539528	N/A	HOUSING,BEARING,HX40,	Bearing Housing
3539533	3539533	N/A	SLINGER, OIL.HX60W	Other Spare
3539556	3539557	3539556	TURBOCHARGER,ID21,HX40	Turbocharger
3539565	353956500	N/A	SHIELD, TURBOCHARGER HEAT.HP72	Other Spare
3539600	4033931	3539600	TURBOCHARGER.ID21.HX50	Turbocharger
3539624	353962400	N/A	ACTUATOR.ASSY.HX50W	Other Spare
3539634	3539634	N/A	HOUSING,TURBINE.HX40W.PER ASSY	Turbine Housing
3539635	4033117	3539635	TURBOCHARGER ID21 HX40W	Turbocharger
3539653	3539654	3539653	TURBOCHARGER.ID21.HX35	Turbocharger
3539678	403359600	3539678	TURBO,CTT XREF ONLY	Turbocharger
3539694	3539694	N/A	HOUSING,BEARING,HX40	Bearing Housing
3539697	3787001	3539697	TURBOCHARGER,ID21,HX35	Turbocharger
3539724	3539724	N/A	HOUSING,TURBINE.HX35	Turbine Housing
3539748	3539901	3539748	TURBOCHARGER,ID21,HX60	Turbocharger
3539750	353975000	N/A	HOUSING,TUR BEARING	Bearing Housing
3539793	353979300	N/A	HOUSING,COMPRESSOR	Compressor Housing
3539796	3539796	N/A	COMPRESSOR HOUSING H2D	Compressor Housing
3539803	3539846	3539803	TURBOCHARGER,ID21,HX30	Turbocharger
3539805	353980500	N/A	WHEEL,TURBOCHARGER	Shaft And Wheel Assembly
3539806	353980600	N/A	HOUSING,COMPRESSOR	Compressor Housing
3539843	3539843	N/A	HOUSING,BEARING,HX40	Bearing Housing
3539911	380496400	3539911	TURBOCHARGER,HX35 WASTEGA	Turbocharger
3539945	353994500	N/A	SEAL,O RING	Other Spare
3539987	3539987	N/A	PIN,GROOVE HX40W	Other Spare
3545118	3545118	N/A	RING,RETAINING HTS	Other Spare
3545120	3545120	N/A	RING,RETAINING HTS	Other Spare
3545121	3545121	N/A	SEAL.O RING	Other Spare
3545122	3545122	N/A	SEAL.O RING	Other Spare
3545123	3545123	N/A	SCREW.FLAT HEAD CAP	Other Spare
3545126	3545126	N/A	BEARING,JOURNAL HTS	Journal Bearing
3545132	3545132	N/A	SPACER.RING	Other Spare
3545138	354513800	N/A	HOSE,PLAIN	Other Spare
3545140	354514000	N/A	HOSE,PLAIN	Other Spare
3545143	354514300	N/A	HOSE,PLAIN	Other Spare
3545144	354514400	N/A	HOSE,PLAIN	Other Spare
3545146	354514600	N/A	HOSE,PLAIN	Other Spare
3545147	354514700	N/A	HOSE,PLAIN	Other Spare
3545149	354514900	N/A	HOSE,PLAIN	Other Spare
3545153	3545153	N/A	SEAL. SPLIT RING SERVICE (OD.+20)	Other Spare
3545155	3545155	N/A	SEAL. SPLIT RING SERVICE (OD.+10)	Other Spare
3545157	3545157	N/A	SEAL.SPLIT RING SERVICE (OD.+10)	Other Spare
3545158	3545158	N/A	SEAL.SPLIT RING	Other Spare
3545163	354516300	N/A	BEARING,TURBOCHARGER	Journal Bearing
3545164	3545164	N/A	SEAL.SPLIT RING	Other Spare
3545226	354522600	N/A	SCREW,HEXAGON HEAD SET	Other Spare
3545304	3545304	N/A	CORE ASSEMBLY,H1C	Core
3545331	354533100	N/A	SEAL.SPLIT RING SERVICE (OD.+10)	Other Spare
3545337	354533700	N/A	BEARING,TURBOCHARGER	Journal Bearing
3545338	354533800	N/A	BEARING,TURBOCHARGER	Journal Bearing
3545339	354533900	N/A	BEARING,TURBOCHARGER	Journal Bearing
3545342	3545342	N/A	SEAL.O RING	Other Spare
3545364	354536400	N/A	BEARING,TURBOCHARGER	Journal Bearing
3545370	354537000	N/A	SCREW,SOCKET HEAD CAP	Other Spare
3545371	3545371	N/A	WASHER.PLAIN	Other Spare
3545373	3545373	N/A	SEAL.O RING	Other Spare
3545374	354537400	N/A	BEARING,TUR THRUST	Thrust Bearing
3545375	3545375	N/A	BEARING,TURBO,F/P	Journal Bearing
3545393	3545393	N/A	BEARING,TURBO,F/P	Journal Bearing
3545399	3545399	N/A	KIT,REPAIR,SERVICE,H1C	Repair Kit
3545401	354540100	N/A	HOSE,PLAIN	Other Spare
3545416	354541600	N/A	CORE ASSEMBLY	Core
3545419	3545419	N/A	BAFFLE,OIL HTS	Other Spare
3545420	3545420	N/A	BEARING,TUR THRUST,F/P	Thrust Bearing
3545423	354542300	N/A	SEAL,O RING	Other Spare
3545434	3545434	N/A	KIT,REPAIR,SERVICE,K27	Repair Kit
3545473	3545473	N/A	CORE ASSEMBLY,H1E	Core
3545480	3545480	3545480	TURBOCHARGER.ID17.H1C	Turbocharger
3545482	3545482	N/A	CORE ASSEMBLY,H1E	Core
3545491	354549100	N/A	CORE ASSEMBLY	Core
3545498	354549800	N/A	CORE ASSEMBLY	Core
3545502	3545502	N/A	KIT,REPAIR,SERVICE,H2C	Repair Kit
3545503	354550300	N/A	KIT,UNLOADER CONVERSION	Repair Kit
3545504	3545504	N/A	KIT,REPAIR,SERVICE,H2C	Repair Kit
3545514	354551400	N/A	CORE ASSEMBLY	Core
3545517	3545517	N/A	CORE ASSEMBLY,H1E	Core
3545520	354552000	N/A	ROTOR,TURBOCHARGER	Core
3545528	354552800	N/A	ROTOR, TURBOCHARGER.ASSY.H1	Other Spare
3545537	354553700	N/A	ROTOR,TURBOCHARGER	Core
3545546	354554600	N/A	SEAL,O RING	Other Spare
3545547	354554700	N/A	SEAL,O RING	Other Spare
3545548	354554800	N/A	RING,RETAINING	Other Spare
3545550	3545550	N/A	BOLT,V BAND	Other Spare
3545551	3545551	N/A	NUT,V-CLAMP,HTS	Other Spare
3545552	354555200	N/A	SEAL,SPLIT RING	Other Spare
3545553	354555300	N/A	SEAL,SPLIT RING	Other Spare
3545575	354557500	N/A	KIT,GASKET.HX40	Kit
3545576	354557600	N/A	KIT,GASKET.HX50	Kit
3545577	354557700	N/A	KIT,TUR REPAIR	Kit
3545587	3545587	N/A	SLEEVE.SALVAGE	Other Spare
3545588	3545588	N/A	SLEEVE.SALVAGE	Other Spare
3545627	354562700	N/A	KIT,TUR REPAIR	Repair Kit
3545646	3545646	N/A	KIT,REPAIR,SERVICE,4LGZ	Repair Kit
3545648	3545648	N/A	KIT,REPAIR,SERVICE,HC3	Repair Kit
3545653	354565300	N/A	KIT,TUR REPAIR	Repair Kit
3545659	3545659	N/A	KIT,REPAIR,SERVICE,4LEK	Repair Kit
3545661	354566100	N/A	KIT,TUR REPAIR	Repair Kit
3545662	354566200	N/A	KIT,TUR REPAIR	Repair Kit
3545664	354566400	N/A	KIT,TUR REPAIR	Repair Kit
3545669	354566900	N/A	KIT,TUR REPAIR	Repair Kit
3545678	354567800	N/A	KIT,TURBO REPAIR H1C/H2A	Repair Kit
3545679	354567900	N/A	KIT,TUR REPAIR	Repair Kit
3545686	3545686	N/A	KIT,REPAIR,SERVICE,4LGZ	Repair Kit
3545691	3545691	N/A	CONJUNTO ROTATIVO H2D	Core
3545692	3545692	N/A	CORE ASSEMBLY,H2D	Core
3545693	3545693	N/A	CORE ASSEMBLY,H2D	Core
3545694	3545694	N/A	CORE ASSEMBLY,H2D	Core
3545695	3545695	N/A	CORE ASSEMBLY,H1C	Core
3545696	3545696	N/A	CORE ASSEMBLY,H1E	Core
3545697	3545697	N/A	CORE ASSEMBLY,H1C	Core
3545698	3545698	N/A	CORE ASSEMBLY,H1E	Core
3545699	3545699	N/A	CORE ASSEMBLY,H1C	Core
3545701	354570100	N/A	CORE ASSEMBLY	Core
3545708	3545708	N/A	CORE ASSEMBLY,H1E	Core
3545710	3545710	N/A	CORE ASSEMBLY,H1E	Core
3545711	3545711	N/A	CORE ASSEMBLY,H1E	Core
3545713	3545713	N/A	CORE ASSEMBLY,H1C	Core
3545722	3545722	N/A	ROTOR, TURBOCHARGER.ASSY.H1E	Other Spare
3545731	3545731	N/A	CORE ASSEMBLY,H1E	Core
3545732	3545732	N/A	CORE ASSEMBLY,H1E	Core
3545733	3545733	N/A	CORE ASSEMBLY,H1E	Core
3545743	3545743	N/A	CORE ASSEMBLY,HC3	Core
3545744	3545744	N/A	CORE ASSEMBLY,H1E	Core
3545745	354574500	N/A	ROTOR, TURBOCHARGER.ASSY.H1E	Other Spare
3545751	3545751	N/A	CORE ASSEMBLY,H2D	Core
3545754	354575400	N/A	H2C, TURBOCHARGER	Core
3545769	354576900	N/A	KIT, GASKET	Kit
3545841	354584100	N/A	SEAL,O RING	Other Spare
3545847	354584700	N/A	SEAL,SPLIT RING	Other Spare
3545915	4033547	3545915	TURBOCHARGER ID21 H2C	Turbocharger
3545928	3545928	N/A	SEAL.SPLIT RING	Other Spare
3545931	3545931	N/A	SPACER.THRUST RING	Other Spare
3545945	3545945	N/A	KIT,REPAIR,SERVICE,4LHR	Repair Kit
3545981	3545981	N/A	SEAL.SPLIT RING SERVICE (OD.+10)	Other Spare
3545987	3545987	N/A	KIT,REPAIR,SERVICE,H1C	Repair Kit
3545988	3545988	N/A	CORE ASSEMBLY,H1E	Core
3545989	3545989	N/A	COLLAR, THRUST.	Other Spare
3545995	3545995	N/A	KIT,REPAIR,SERVICE,HP70	Repair Kit
3545997	354599700	N/A	KIT,TUR REPAIR	Repair Kit
3554316	355431600	N/A	SCREW.12 POINT CAP	Other Spare
3558177	355817700	N/A	COMPRESSOR,1 CYL AIR	Air Compressor
3558754	355875400	N/A	RING,RETAINING	Other Spare
3558871	355887100	N/A	RING,OIL PISTON	Other Spare
3559522	355952200	N/A	VALVE.CHECK	Air Compressor
3559545	355954500	N/A	KIT,COMPRESSOR REPAIR	Air Compressor
3559549	355954900	N/A	KIT  (QE MODELS)	Kit
3559576	355957600	N/A	KIT,COMPRESSOR REPAIR	Air Compressor
3575015	3575015	N/A	KIT,REPAIR,SERVICE,H2E	Repair Kit
3575016	3575016	N/A	CORE ASSEMBLY,H1E	Core
3575057	357505700	N/A	CORE ASSEMBLY H1E	Core
3575058	3575058	N/A	CORE ASSEMBLY,H1E	Core
3575059	357505900	N/A	CORE ASSEMBLY.H1E	Core
3575060	3575060	N/A	CORE ASSEMBLY,H1E	Core
3575061	357506100	N/A	CORE ASSEMBLY	Core
3575062	3575062	N/A	CORE ASSEMBLY,H1C	Core
3575064	3575064	N/A	CORE ASSEMBLY,H1E	Core
3575065	3575065	N/A	CORE ASSEMBLY,H1C	Core
3575066	3575066	N/A	CORE ASSEMBLY,H1E	Core
3575098	3575098	N/A	CORE ASSEMBLY,WH2D	Core
3575139	3575139	N/A	KIT,REPAIR,SERVICE,H2C	Repair Kit
3575152	3575152	N/A	CORE ASSEMBLY,HX50	Core
3575153	3575153	N/A	KIT,REPAIR,SERVICE,H2S	Repair Kit
3575154	3575154	N/A	CORE ASSEMBLY,H3B	Core
3575169	357516900	N/A	KIT,TUR REPAIR	Repair Kit
3575171	3575171	N/A	CORE ASSEMBLY,HX60	Core
3575181	357518100	N/A	KIT,TUR REPAIR	Repair Kit
3575182	3575182	N/A	CORE ASSEMBLY,HX55	Core
3575186	357518600	N/A	TOOL,SERVICE	Other Spare
3575193	357519300	N/A	KIT TURBO REPAIR HX50	Repair Kit
3575195	3575195	N/A	CORE ASSEMBLY,H3B	Core
3575203	3575203	N/A	CORE ASSEMBLY,HX50	Core
3575204	357520400	N/A	CORE ASSEMBLY H1E	Core
3575205	357520500	N/A	KIT,TUR REPAIR	Repair Kit
3575210	3575210	N/A	KIT,REPAIR,SERVICE,4LE	Repair Kit
3575217	357521700	N/A	CORE ASSEMBLY	Core
3575230	357523000	N/A	KIT,TUR REPAIR	Repair Kit
3575234	3575234	N/A	KIT,REPAIR,SERVICE,HX50W	Repair Kit
3575251	357525100	N/A	CORE ASSEMBLY WH2D	Core
3575267	357526700	N/A	CORE ASSEMBLY H3B	Core
3575283	3575283	N/A	CORE ASSEMBLY,HX50	Core
3575605	3575605	N/A	CORE ASSEMBLY,H2D	Core
3575614	3575614	N/A	CORE ASSEMBLY,HX60	Core
3575680	3575680	N/A	KIT,GASKET,HX35	Kit
3575683	3575683	N/A	CORE ASSEMBLY,WH1E	Core
3575684	357568400	N/A	TOOL,SERVIC	Other Spare
3575685	3575685	N/A	CORE ASSEMBLY,H2C	Core
3575687	3575687	N/A	KIT,GASKET,H2C	Kit
3580120	3580120	N/A	CORE ASSEMBLY,H2A	Core
3580123	3580123	N/A	HOUSING,COMPRESSOR,	Compressor Housing
3580128	3580128	N/A	HOUSING,TURBINE.H2A	Turbine Housing
3580135	3580135	N/A	KIT,REPAIR,SERVICE,K27	Repair Kit
3580153	3580153	N/A	SLEEVE.SALVAGE	Other Spare
3580163	3580163	N/A	CORE ASSEMBLY,HX50	Core
3580175	3580175	N/A	CORE ASSEMBLY,H1E	Core
3580176	3580176	N/A	CORE ASSEMBLY,H1C	Core
3580177	4032977	3580177	TURBOCHARGER ID21 H1E	Turbocharger
3580178	4032978	3580178	TURBOCHARGER ID21 H1E	Turbocharger
3580192	3580192	N/A	BEARING,JOURNAL	Journal Bearing
3580193	3580193	N/A	BEARING,JOURNAL	Journal Bearing
3580199	358019900	N/A	HOUSING,TURBINE	Turbine Housing
3580203	4033711	3580203	TURBOCHARGER ID21 H1E	Turbocharger
3580211	3580211	N/A	HOUSING,COMPRESSOR,	Compressor Housing
3580214	4032907	3580214	TURBOCHARGER ID21 H2D	Turbocharger
3580226	3580226	N/A	HOUSING,TURBINE.H2C	Turbine Housing
3580227	3580227	3580227	TURBOCHARGER.ID17.H1E	Turbocharger
3580228	4032910	3580228	TURBOCHARGER ID21 H2D	Turbocharger
3580229	3580229	N/A	CORE ASSEMBLY,H1C	Core
3580233	3580233	N/A	HOUSING,COMPRESSOR,	Compressor Housing
3580235	3580235	3580235	TURBOCHARGER.ID17.H1C	Turbocharger
3580238	3580238	N/A	HOUSING,TURBINE.HX50	Turbine Housing
3580239	3580239	N/A	HOUSING,TURBINE.ASSY	Turbine Housing
3580240	3580240	N/A	CORE ASSEMBLY,H1C	Core
3580244	3580244	3580244	TURBOCHARGER.ID17.H1C	Turbocharger
3580246	3580246	N/A	CORE ASSEMBLY,HX50	Core
3580251	3580251	3580251	TURBOCHARGER.ID17.HX50	Turbocharger
3580252	3580252	3580252	TURBOCHARGER.ID17.H1E	Turbocharger
3580253	3580253	3580253	TURBOCHARGER.ID17.H1E	Turbocharger
3580257	3580257	3580257	TURBOCHARGER.ID17.HX50	Turbocharger
3580265	3580265	3580265	TURBOCHARGER.ID17.H2D	Turbocharger
3580266	4033167	3580266	TURBOCHARGER ID21 H1E	Turbocharger
3580267	3580267	N/A	KIT,REPAIR,SERVICE,H1C	Repair Kit
3580269	3580269	N/A	CORE ASSEMBLY,H1E	Core
3580274	3580274	3580274	TURBOCHARGER.ID17.H1E	Turbocharger
3580286	358028600	N/A	ROTOR ASSEMBLY HX50	Other Spare
3580288	3580288	3580288	TURBOCHARGER.ID17.HX55	Turbocharger
3580298	358029800	N/A	ROTOR ASSEMBLY	Other Spare
3580509	4032909	3580509	TURBOCHARGER ID21 H1E	Turbocharger
3580524	3580524	N/A	HOUSING,TURBINE.H1E	Turbine Housing
3580526	3580526	N/A	KIT,GASKET,HX55	Kit
3580529	3580529	N/A	CORE ASSEMBLY,HC3	Core
3580540	3580540	N/A	CONJUNTO ROTATIVO	Core
3580542	358054200	N/A	CORE ASSEMBLY HX50	Core
3580552	3580552	3580552	TURBOCHARGER.ID17.H2D	Turbocharger
3580554	358055400	N/A	CORE ASSEMBLY	Core
3580559	3580559	N/A	CORE ASSEMBLY,H1E	Core
3580562	3580562	N/A	KIT,REPAIR,SERVICE,HX40	Repair Kit
3580566	4032911	3580566	TURBOCHARGER ID21 H1E	Turbocharger
3580573	358057300	N/A	CORE ASSEMBLY	Core
3580579	3580579	N/A	CORE ASSEMBLY,H2D	Core
3580584	3580584	N/A	CORE ASSEMBLY,HX40	Core
3580651	3580651	N/A	HOUSING,TURBINE.ASSY	Turbine Housing
3580714	3580714	3580714	TURBOCHARGER.ID17.H2C	Turbocharger
3580725	358072500	N/A	CORE ASSEMBLY HX50	Core
3580726	358072600	N/A	CORE ASSEMBLY HX55	Core
3580732	3580732	N/A	CORE ASSEMBLY,HX50	Core
3580737	3580737	N/A	CORE ASSEMBLY,H2D	Core
3580738	3580738	N/A	CORE ASSEMBLY,H1C	Core
3580758	358075800	N/A	KIT,REPAIR.SERVICE.HX50	Repair Kit
3580762	358076200	N/A	KIT,TUR REPAIR	Repair Kit
3580767	358076700	N/A	KIT,REPAIR.SERVICE.HY35W	Repair Kit
3580769	3580769	N/A	HOUSING,TURBINE.H1E	Turbine Housing
3580770	3580770	3580770	TURBOCHARGER.ID17.H1E	Turbocharger
3580771	4033706	3580771	TURBOCHARGER ID21 HX50	Turbocharger
3580779	3580779	N/A	CORE ASSEMBLY,H1E	Core
3580790	4032908	3580790	TURBOCHARGER ID21 H2D	Turbocharger
3580808	4033707	3580808	TURBOCHARGER ID21 H2D	Turbocharger
3580821	358082100	N/A	KIT,WASTEGATE ACTUATOR	Actuator Kit
3580822	358082200	N/A	KIT,WASTEGATE ACTUATOR	Actuator Kit
3580824	358082400	N/A	KIT,WASTEGATE ACTUATOR	Actuator Kit
3580825	358082500	N/A	KIT,WASTEGATE ACTUATOR	Actuator Kit
3580902	358090200	N/A	CORE ASSEMBLY	Core
3580904	3580904	N/A	HOUSING,COMPRESSOR,H2D	Compressor Housing
3580946	3580946	3580946	TURBOCHARGER.ID17.H1E	Turbocharger
3580947	3580947	N/A	KIT, ACTUATOR,H1E	Actuator Kit
3580954	3580954	N/A	CORE ASSEMBLY,HX50	Core
3580982	3580982	N/A	CORE ASSEMBLY,H3B	Core
3580995	4033744	3580995	TURBOCHARGER ID21 HX50W	Turbocharger
3590005	4033226	3590005	TURBOCHARGER ID21 H3B	Turbocharger
3590016	3590016	N/A	HOUSING,BEARING,HX60	Bearing Housing
3590024	3590025	3590024	TURBOCHARGER,ID21,HX30W	Turbocharger
3590026	3590027	3590026	TURBOCHARGER,ID21,HX30W	Turbocharger
3590028	3590029	3590028	TURBOCHARGER,ID21,HX30W	Turbocharger
3590044	4033813	3590044	TURBOCHARGER,ID21,HX55	Turbocharger
3590052	403113900	3590052	TURBOCHARGER,DEBRAND.ID21.HX60W	Turbocharger
3590054	403114000	3590054	TURBOCHARGER,DEBRAND.ID21.HX60	Turbocharger
3590056	403114100	3590056	TURBOCHARGER,DEBRAND.ID21.HX60	Turbocharger
3590058	4031142	3590058	TURBOCHARGER DEBRAND ID21 HX60W	Turbocharger
3590060	4033631	3590060	TURBOCHARGER ID21 H2DM	Turbocharger
3590079	359008100	3590079	TURBOCHARGER,H1	Turbocharger
3590092	3590093	3590092	TURBOCOMPRESSOR	Turbocharger
3590096	3590098	3590096	TURBOCHARGER,ID21,HX60	Turbocharger
3590100	359010100	3590100	TURBO,HX35	Turbocharger
3590111	359011100	N/A	PIPE,EXHAUST OUTLET	Other Spare
3590162	359016200	N/A	HOUSING,COMPRESSOR	Compressor Housing
3590224	359022400	N/A	HOUSING,COMPRESSOR	Compressor Housing
3590231	3590231	N/A	HOUSING,BEARING,HX55,ASSY	Bearing Housing
3590257	3590259	3590257	TURBOCHARGER,ID21,HX60	Turbocharger
3590273	403114300	3590273	TURBOCHARGER,DEBRAND.ID21.HX55	Turbocharger
3590296	359029600	N/A	BOLT,T	Other Spare
3590377	3590377	N/A	SCREW.SOCKET HEAD SET	Other Spare
3590384	4033148	3590384	TURBOCHARGER ID21 HX50W	Turbocharger
3590435	359043500	N/A	SCREW,SOCKET HEAD CAP	Other Spare
3590442	4033416	3590442	TURBOCHARGER ID21 HX35G	Turbocharger
3590462	3590462	N/A	IMPELLER,H1C	Compressor Wheel
3590481	3590481	N/A	ACTUATOR,PERMANENT ASSEMBLY,WH1E	Other Spare
3590482	3590482	N/A	ACTUATOR,PERMANENT ASSEMBLY,WH1E	Other Spare
3590484	3590484	N/A	ACTUATOR,WH1E	Other Spare
3590485	3590485	N/A	ACTUATOR,WH1E	Other Spare
3590502	4033315	3590502	TURBOCHARGER ID21 HX40W	Turbocharger
3590503	4033131	3590503	TURBOCHARGER ID21 HX40W	Turbocharger
3590504	4033200	3590504	TURBOCHARGER ID21 HX40W	Turbocharger
3590505	4033388	3590505	TURBOCHARGER ID21 HX40W	Turbocharger
3590506	4033288	3590506	TURBOCHARGER ID21 HX40W	Turbocharger
3590606	359060600	N/A	CLAMP,V BAND	Other Spare
3590615	380048500	3590615	TURBOCHARGER,HT60	Turbocharger
3590616	359061600	N/A	HOUSING,TURBINE	Turbine Housing
3590646	359064600	N/A	HOUSING,COMPRESSOR.HX35W.ASSY	Compressor Housing
3590663	359066300	N/A	NUT,LOCK	Other Spare
3590687	3590687	N/A	SLINGER, OIL.HY55V	Other Spare
3590772	3590772	N/A	ACTUATOR,PERMANENT ASSY,HX35W	Other Spare
3590807	3537496	3590807	TURBOCHARGER,ID21,HX35W	Turbocharger
3590808	3538627	3590808	TURBOCHARGER,ID21,HX35W	Turbocharger
3591005	3591005	N/A	HOUSING,COMPRESSOR,HX35W,ASSY	Compressor Housing
3591006	359100600	N/A	HOUSING,COMPRESSOR.HX35W.ASSY	Compressor Housing
3591008	359100800	N/A	HOUSING,COMPRESSOR.HX35W.ASSY	Compressor Housing
3591010	359101000	N/A	HOUSING,COMPRESSOR.HX40W.ASSY	Compressor Housing
3591012	359101200	N/A	HOUSING,COMPRESSOR.HX35G.ASSY	Compressor Housing
3591014	359101400	N/A	HOUSING,COMPRESSOR.HX35W.ASSY	Compressor Housing
3591015	380038000	3591015	TURBO,HX40 WASTEGATE	Turbocharger
3591016	380038100	3591016	TURBO,HX40W	Turbocharger
3591017	380038200	3591017	TURBO,HX40W	Turbocharger
3591018	380038300	3591018	TURBO,HX40W	Turbocharger
3591019	380038400	3591019	TURBO,HX40W	Turbocharger
3591077	4049337	3591077	TURBOCHARGER.ID21.HX55	Turbocharger
3591101	3591101	N/A	ACTUATOR,HX35,ST/STEEL	Other Spare
3591132	359113200	N/A	HOUSING,TURBINE	Turbine Housing
3591133	380060700	3591133	TURBOCHARGER,HT60	Turbocharger
3591139	3591139	N/A	UNION.MALE OIL INLET.H2D	Other Spare
3591155	3591155	N/A	HOUSING,TURBINE.HX35W.ASSY	Turbine Housing
3591164	359116400	N/A	HOUSING,TURBINE.HX40W.ASSY	Turbine Housing
3591167	4033118	3591167	TURBOCHARGER ID21 HX50	Turbocharger
3591174	359117400	N/A	HOUSING,COMPRESSOR	Compressor Housing
3591182	380041900	3591182	TURBOCHARGER,HT60	Turbocharger
3591189	3591189	N/A	HOUSING,BEARING,HX40	Bearing Housing
3591190	3591190	N/A	HOUSING,BEARING,HX40	Bearing Housing
3591194	3591194	N/A	HOSE,RED 257MM LONG	Other Spare
3591196	359119600	N/A	CORE ASSEMBLY	Core
3591206	359120600	N/A	SPACER,MOUNTING	Other Spare
3591248	3591249	3591248	TURBOCHARGER,ID21,HX40W	Turbocharger
3591267	4033080	3591267	TURBOCHARGER ID21 HX40W	Turbocharger
3591270	359127000	N/A	SHAFT & WHEEL.HY30W	Shaft And Wheel Assembly
3591345	4033396	3591345	TURBOCHARGER ID21 H3B	Turbocharger
3591362	380078800	3591362	TURBO,HX35	Turbocharger
3591396	359139600	N/A	HOUSING,COMPRESSOR	Compressor Housing
3591397	3591397	N/A	HOUSING,COMPRESSOR,HX60	Compressor Housing
3591425	3591425	N/A	SEAL.O RING HX50	Other Spare
3591441	3591441	N/A	HOUSING,TURBINE.HX60	Turbine Housing
3591520	4033078	3591520	TURBOCHARGER ID21 H2D	Turbocharger
3591522	359152200	N/A	COLLAR,THRUST	Other Spare
3591574	359157400	N/A	HOUSING,TUR BEARING	Bearing Housing
3591587	4033332	3591587	TURBOCHARGER ID21 H2D	Turbocharger
3591655	359165500	N/A	BEARING,TUR THRUST	Thrust Bearing
3591674	359167400	N/A	HOUSING,COMPRESSOR.HX55	Compressor Housing
3591675	3591675	N/A	HOUSING,COMPRESSOR,HX55	Compressor Housing
3591753	3591753	N/A	SHAFT & WHEEL.HP72	Shaft And Wheel Assembly
3591760	3591760	N/A	HOUSING,BEARING,HX50	Bearing Housing
3591764	3591764	N/A	HOUSING,COMPRESSOR,HX50	Compressor Housing
3591768	4033138	3591768	TURBOCHARGER ID21 HX50	Turbocharger
3591772	3591772	N/A	HOUSING,BEARING,HX50,ASSY	Bearing Housing
3591794	3591794	N/A	HOUSING,BEARING,HX50,ASSY	Bearing Housing
3591801	3591801	N/A	HOUSING,BEARING,HX40,ASSY	Bearing Housing
3591804	4033324	3591804	TURBOCHARGER ID21 HX40W	Turbocharger
3591805	403378500	3591805	TURBOCHARGER.ID21.HX40W	Turbocharger
3591806	403304400	3591806	TURBOCHARGER.ID21.HX40W	Turbocharger
3591812	3591812	N/A	HOUSING,COMPRESSOR,HX40W,ASSY	Compressor Housing
3591830	4033120	3591830	TURBOCHARGER ID21 HX60	Turbocharger
3591871	403310500	3591871	TURBOCHARGER.ID21.WH2D	Turbocharger
3591890	3591890	N/A	ACTUATOR,TURBO,HX60W	Other Spare
3591952	3591952	N/A	HOUSING,TURBINE.HX55	Turbine Housing
3591954	3591954	N/A	HOUSING,TURBINE.H2D	Turbine Housing
3591955	3591955	N/A	HOUSING,TURBINE.H2D	Turbine Housing
3591965	359196500	N/A	END LINK.ADJUSTING	Other Spare
3591983	3591983	N/A	HOUSING,BEARING,HX50,ASSY	Bearing Housing
3591989	3591989	N/A	HOUSING,COMPRESSOR,HX40	Compressor Housing
3591999	4033067	3591999	TURBOCHARGER ID21 HX40	Turbocharger
3592003	4033331	3592003	TURBOCHARGER ID21 HX40W	Turbocharger
3592005	4033201	3592005	TURBOCHARGER ID21 HX40	Turbocharger
3592007	4033063	3592007	TURBOCHARGER ID21 HX40	Turbocharger
3592015	3592016	3592015	TURBOCOMPRESSOR	Turbocharger
3592017	3592018	3592017	TURBOCHARGER,ID21,HX30W	Turbocharger
3592019	3592020	3592019	TURBOCHARGER,ID21,HX30W	Turbocharger
3592050	359205000	N/A	NUT,HEXAGON FLANGE	Other Spare
3592067	359206700	N/A	HOUSING,BEARING.HX50	Bearing Housing
3592071	3592071	N/A	BAFFLE,NOISE HX60	Other Spare
3592093	3592093	N/A	HOUSING,TURBINE.HX50	Turbine Housing
3592102	3592104	3592102	TURBOCHARGER,ID21,HX30	Turbocharger
3592107	380488100	3592107	TURBO,HX30 WASTEGATE	Turbocharger
3592109	380290800	3592109	TURBOCHARGER,HX30	Turbocharger
3592116	3592117	3592116	TURBOCHARGER,ID21,HX30W	Turbocharger
3592118	380487600	3592118	TURBO,HX30 WASTEGATE	Turbocharger
3592121	380290600	3592121	TURBO,HX30 WASTEGATE	Turbocharger
3592125	3592126	3592125	TURBOCHARGER,ID21,HX30W	Turbocharger
3592127	3592128	3592127	TURBOCHARGER,ID21,HX30W	Turbocharger
3592204	380290700	3592204	TURBO,HX30 WASTEGATE	Turbocharger
3592206	380496000	3592206	TURBOCHARGER,HX30	Turbocharger
3592303	402541800	3592303	TURBOCHARGER,HX32W	Turbocharger
3592308	359230900	3592308	TURBOCHARGER.HX30W	Turbocharger
3592311	3592312	3592311	TURBOCHARGER,ID21,HX30W	Turbocharger
3592313	380627600	3592313	TURBOCHARGER,KIT.ID21.HX30W	Turbocharger
3592317	380099800	3592317	TURBOCHARGER,KIT.ID21.HX30W	Turbocharger
3592320	402541900	3592320	TURBOCHARGER,HX32W	Turbocharger
3592341	359234100	N/A	IMPELLER,TUR COMPRESSOR	Compressor Wheel
3592343	3592343	N/A	HOUSING,COMPRESSOR,HX60W,ASSY	Compressor Housing
3592350	4033121	3592350	TURBOCHARGER ID21 HX60	Turbocharger
3592355	3592355	N/A	HOUSING,COMPRESSOR.HX35	Compressor Housing
3592367	359236700	N/A	HOUSING,TURBINE	Turbine Housing
3592368	359236800	N/A	HOUSING,TURBINE.HX60	Turbine Housing
3592369	3592401	3592369	TURBOCHARGER,ID21,HX60	Turbocharger
3592391	3592391	N/A	HOUSING,COMPRESSOR,HX40	Compressor Housing
3592428	359242800	N/A	ACTUATOR,TURBOCHARGER	Other Spare
3592461	3592462	3592461	TURBOCHARGER,ID21,HX60	Turbocharger
3592465	3592465	N/A	HOUSING,TURBINE.HX60	Turbine Housing
3592501	380092600	3592501	TURBOCHARGER,HX40	Turbocharger
3592502	380092700	3592502	TURBOCHARGER,HX40	Turbocharger
3592503	380092800	3592503	TURBOCHARGER,HX30	Turbocharger
3592561	3592561	N/A	HOUSING,BEARING,HX35G,ASSY	Bearing Housing
3592589	4031144	3592589	TURBOCHARGER DEBRAND HX40W	Turbocharger
3592602	3592602	N/A	SHAFT & WHEEL.HX52	Shaft And Wheel Assembly
3592645	3592645	N/A	SHROUD, TUR NOZZLE.LASER CUT	Other Spare
3592664	3592664	N/A	HOUSING,TURBINE.WH2D.ASSY	Turbine Housing
3592690	380083600	3592690	TURBOCHARGER,HX50	Turbocharger
3592695	3592695	N/A	HOUSING,BEARING,HX50W	Bearing Housing
3592708	3592708	N/A	SHAFT & WHEEL.HX40	Shaft And Wheel Assembly
3592721	359272100	N/A	HOUSING,TURBINE.HX50W.ASSY	Turbine Housing
3592723	4033394	3592723	TURBOCHARGER ID21 HX40	Turbocharger
3592727	3592727	N/A	HOUSING,COMPRESSOR,HX40W,ASSY	Compressor Housing
3592736	4033264	3592736	TURBOCHARGER ID21 HX50	Turbocharger
3592773	3592773	N/A	ACTUATOR,PERMANENT ASSEMBLY,HX55W	Other Spare
3592774	359277400	N/A	HOUSING,TURBINE	Turbine Housing
3592775	380085800	3592775	TURBOCHARGER,HX55W	Turbocharger
3592777	359277700	N/A	HOUSING,TURBINE	Turbine Housing
3592778	403381700	3592778	TURBOCHARGER,HX55W	Turbocharger
3592780	3592780	N/A	ACTUATOR,TURBO,HX55W	Other Spare
3592781	3592781	N/A	HOUSING,TURBINE.HX55W.ASSY	Turbine Housing
3592782	402482200	3592782	TURBOCHARGER,HX55W	Turbocharger
3592786	3592786	N/A	HOUSING,TURBINE.HX55W.ASSY	Turbine Housing
3592795	359279500	N/A	ACTUATOR,TURBOCHARGER	Other Spare
3592803	3592803	N/A	ACTUATOR,HY35W	Other Spare
3592876	3592876	N/A	HOUSING,TURBINE.HX60	Turbine Housing
3592892	359289200	N/A	SCREW,HEXAGON HEAD SET	Other Spare
3592931	3592931	N/A	SEAL.SPLIT RING HY40V	Other Spare
3592936	3592936	N/A	UNION.MALE OIL INLET.HY55/HY40V	Other Spare
3592954	3592954	N/A	HOUSING,TURBINE.HX40W.PER ASSY	Turbine Housing
3592966	3592966	N/A	BEARING,TUR THRUST	Thrust Bearing
3592967	359296700	N/A	TURBINE,HOUSING	Turbine Housing
3592968	3593147	3592968	TURBOCHARGER,ID21,HX60	Turbocharger
3592972	359297200	N/A	CONNECTION, OIL DRAIN	Other Spare
3593096	359309600	N/A	HOUSING,TURBINE.HX60	Turbine Housing
3593138	3593138	N/A	HOUSING,COMPRESSOR,HY35W,ASSY	Compressor Housing
3593209	3593211	3593209	TURBOCOMPRESSOR	Turbocharger
3593222	359322200	N/A	ACTUATOR,TURBOCHARGER	Other Spare
3593249	3593252	3593249	TURBOCHARGER,ID21,HX60	Turbocharger
3593268	3593269	3593268	TURBOCHARGER,ID21,HX60	Turbocharger
3593304	403399400	3593304	TURBOCHARGER.ID21.HX50	Turbocharger
3593324	4033149	3593324	TURBOCHARGER ID21 H2C	Turbocharger
3593330	3593330	N/A	HOUSING,COMPRESSOR,HX40	Compressor Housing
3593343	3593343	N/A	BEARING HOUSING FINISHED PART	Bearing Housing
3593378	3593379	3593378	TURBOCHARGER,ID21,HX27W	Turbocharger
3593380	3593380	N/A	CORE ASSEMBLY,HX27W	Core
3593406	402541700	3593406	TURBOCHARGER,KIT.ID21.HX30W	Turbocharger
3593409	3593409	N/A	CORE ASSEMBLY,HX30W	Core
3593410	359341000	N/A	ROTOR,TURBOCHARGER	Core
3593567	3593567	N/A	BRACKET,ACTUATOR HX35W,ASSY	Other Spare
3593568	3593568	N/A	ACTUATOR,TURBO,HX35W	Other Spare
3593575	3593575	N/A	HOUSING,COMPRESSOR,HX50	Compressor Housing
3593576	3593576	N/A	HOUSING,COMPRESSOR,HX50	Compressor Housing
3593577	3593577	N/A	HOUSING,COMPRESSOR,HX50	Compressor Housing
3593593	4033207	3593593	TURBOCHARGER ID21 HX40W	Turbocharger
3593597	402496300	3593597	TURBOCHARGER,HX55W	Turbocharger
3593599	402496400	3593599	TURBOCHARGER,HX55	Turbocharger
3593601	359360200	3593601	TURBOCHARGER	Turbocharger
3593603	3593604	3593603	TURBOCHARGER,ID21,HX55W	Turbocharger
3593605	359360500	N/A	HOUSING,COMPRESSOR	Compressor Housing
3593606	402496700	3593606	TURBOCHARGER,HX55	Turbocharger
3593629	359362900	N/A	IMPELLER,TUR COMPRESSOR	Compressor Wheel
3593654	3593655	3593654	TURBOCHARGER,ID21,HX40W	Turbocharger
3593674	3593674	N/A	UNION.MALE OIL DRAIN.HY55V	Other Spare
3593675	402515300	3593675	TURBOCHARGER,HX35 WASTEGA	Turbocharger
3593678	359367800	N/A	ACTUATOR,TURBOCHARGER	Other Spare
3593679	3593679	N/A	ACTUATOR,PERMANENT ASSEMBLY,HY35W	Other Spare
3593680	402504300	3593680	TURBOCHARGER,HX35 WASTEGA	Turbocharger
3593686	359368600	N/A	IMPELLER,TUR COMPRESSOR	Compressor Wheel
3593687	3593687	N/A	IMPELLER,HX50	Compressor Wheel
3593688	3593688	N/A	IMPELLER,HX50	Compressor Wheel
3593725	359372500	N/A	SCREW,HEXAGON HEAD SET	Other Spare
3593743	3593743	N/A	HOUSING,BEARING,HX50,ASSY	Bearing Housing
3593771	359377300	3593771	TURBOCHARGER.ID21.HX60	Turbocharger
3593780	359378000	N/A	HOUSING,COMPRESSOR.HX30W.ASSY	Compressor Housing
3593820	3593820	N/A	HOUSING,TURBINE.HX27W.ASSY	Turbine Housing
3593824	3593824	N/A	COLLAR, THRUST.	Other Spare
3593848	3593848	N/A	ACTUATOR,TURBO,HX60W	Other Spare
3593861	3593861	N/A	HOUSING,BEARING,HX60	Bearing Housing
3593862	3593862	N/A	PIN,DOWEL	Other Spare
3593869	3593869	N/A	HOUSING,BEARING,HX60,ASSY	Bearing Housing
3593876	3593876	N/A	HOUSING,COMPRESSOR,HX40W,ASSY	Compressor Housing
3593878	3593878	N/A	HOUSING,BEARING,HX40W	Bearing Housing
3593883	3593883	N/A	ACTUATOR,HX55V	Other Spare
3593887	4033608	3593887	TURBOCHARGER ID21 HX35	Turbocharger
3593889	3593889	N/A	HOUSING,TURBINE.HX35M.ASSY	Turbine Housing
3593918	4033202	3593918	TURBOCHARGER ID21 HX40	Turbocharger
3593920	4033203	3593920	TURBOCHARGER ID21 HX40	Turbocharger
3594005	359400500	N/A	ACTUATOR,TURBOCHARGER	Other Spare
3594006	359400600	N/A	ACTUATOR,TURBOCHARGER	Other Spare
3594011	3594011	N/A	ACTUATOR,HY35W	Other Spare
3594012	3594012	N/A	ACTUATOR,PERMANENT ASSEMBLY,HY35W	Other Spare
3594099	4033303	3594099	TURBOCHARGER ID21 HC5A	Turbocharger
3594241	3594241	N/A	BEARING.TUR THRUST	Thrust Bearing
3594259	378667400	3594259	TURBOCHARGER.ID21.HX35W	Turbocharger
3594289	3594290	3594289	TURBOCHARGER,ID21,HX40W	Turbocharger
3594297	359429700	N/A	WASHER,SEALING	Other Spare
3594339	359433900	N/A	HOUSING,TURBINE	Turbine Housing
3594347	3594347	N/A	ACTUATOR,TURBO,HY35W	Other Spare
3594348	3594348	N/A	ACTUATOR,PERMANENT ASSEMBLY,HY35W	Other Spare
3594360	3594361	3594360	TURBOCHARGER,ID21,HX27W	Turbocharger
3594419	3594419	N/A	BRACKET,ACTUATOR HX60W	Other Spare
3594487	3594487	N/A	HOUSING,COMPRESSOR,HX60W,ASSY	Compressor Housing
3594519	3594519	N/A	HOUSING,COMPRESSOR,HX40W,ASSY	Compressor Housing
3594521	359452100	N/A	RING,RETAINING	Other Spare
3594548	3594548	N/A	ACTUATOR,HX60W	Other Spare
3594600	3596329	3594600	TURBOCHARGER,ID21,HX30W	Turbocharger
3594608	3594608	N/A	CORE ASSEMBLY,HX60W	Core
3594620	4033352	3594620	TURBOCHARGER ID21 H2D	Turbocharger
3594634	359463500	3594634	TURBOCHARGER	Turbocharger
3594656	3594656	N/A	CORE ASSEMBLY,HX60	Core
3594667	3594667	N/A	HOUSING,TURBINE.HX50	Turbine Housing
3594669	3594669	N/A	HOUSING,TURBINE.HX50	Turbine Housing
3594691	4033620	3594691	TURBOCHARGER ID21 HX50	Turbocharger
3594705	4033293	3594705	TURBOCHARGER ID21 HX50	Turbocharger
3594775	359477500	N/A	HOUSING,COMPRESSOR	Compressor Housing
3594800	403367000	3594800	TURBOCHARGER.ID21.HX40W	Turbocharger
3594809	402496900	3594809	TURBOCHARGER,HX50	Turbocharger
3594818	359481800	N/A	ELBOW COUPLING HOSE HX27W	Other Spare
3594833	359483300	N/A	IMPELLER,TUR COMPRESSOR	Compressor Wheel
3594834	3594834	N/A	IMPELLER,HX40	Compressor Wheel
3594835	3594835	N/A	IMPELLER,HX40	Compressor Wheel
3594851	3594851	N/A	HOUSING,TURBINE.HX40G.ASSY	Turbine Housing
3594934	3594934	N/A	BRACKET,ACTUATOR,HX50W	Other Spare
3594938	3594938	N/A	PLATE,SHROUD,HY55V	Other Spare
3594952	359495200	N/A	WHEEL,TURBOCHARGER HT3B	Shaft And Wheel Assembly
3594953	359495300	N/A	WHEEL,TURBOCHARGER HT3B	Shaft And Wheel Assembly
3595027	3595027	N/A	CORE ASSEMBLY,HX35	Core
3595070	359507000	N/A	HOUSING,TURBINE.HY35W	Turbine Housing
3595083	3595083	N/A	HOUSING,COMPRESSOR,HX55	Compressor Housing
3595085	359508500	N/A	ACTUATOR.TURBO.HX55W	Other Spare
3595089	359508900	N/A	HOUSING,TURBINE.HX55	Turbine Housing
3595109	3595110	3595109	TURBOCHARGER (TEXT)	Turbocharger
3595116	359511600	N/A	HOSE,PLAIN	Other Spare
3595118	4031146	3595118	TURBOCHARGER,DEBRAND.ID21.HX40W	Turbocharger
3595129	3595129	N/A	SHAFT & WHEEL.HY40V	Shaft And Wheel Assembly
3595135	3595136	3595135	TURBOCHARGER ID21 H2E	Turbocharger
3595167	3595167	N/A	CLAMP.V BAND HY55V	Other Spare
3595195	3595195	N/A	HOUSING,COMPRESSOR,HX35	Compressor Housing
3595203	3595204	3595203	TURBOCHARGER,ID21,HX52	Turbocharger
3595211	359521100	N/A	HOUSING,COMPRESSOR	Compressor Housing
3595232	4033341	3595232	TURBOCHARGER ID21 H1E	Turbocharger
3595238	4033417	3595238	TURBOCHARGER ID21 HX40W	Turbocharger
3595245	3595245	N/A	SHAFT & WHEEL.HX40W	Shaft And Wheel Assembly
3595252	4033737	3595252	TURBOCHARGER ID21 HX40W	Turbocharger
3595347	3595347	N/A	BODY-WASTEGATE VALVE.ASSY	Other Spare
3595354	3595354	N/A	HOUSING,TURBINE.HX50W.ASSY	Turbine Housing
3595440	3595440	N/A	HOUSING,TURBINE.HX40	Turbine Housing
3595495	3595495	N/A	HOUSING,BEARING,HX40W	Bearing Housing
3595516	3595516	N/A	BAFFLE,NOISE HX50	Other Spare
3595544	3595544	N/A	HOSE,PLAIN	Other Spare
3595546	3595546	N/A	HOSE,PLAIN	Other Spare
3595557	3595557	N/A	HOUSING,COMPRESSOR,HX55	Compressor Housing
3595651	359565100	N/A	BEARING,TUR THRUST	Thrust Bearing
3595658	359565800	N/A	CLAMP,V BAND	Other Spare
3595659	359565900	N/A	NUT,REGULAR HEXAGON	Other Spare
3595763	3595763	N/A	CLAMP.V BAND HX55	Other Spare
3595776	403107200	3595776	TURBOCHARGER,DEBRAND.ID21.HX40	Turbocharger
3595777	403107300	3595777	TURBOCHARGER,DEBRAND.ID21.HX40	Turbocharger
3595778	403107400	3595778	TURBOCHARGER,DEBRAND.ID21.HX40	Turbocharger
3595779	403107500	3595779	TURBOCHARGER,DEBRAND.ID21.HX40	Turbocharger
3595780	403107600	3595780	TURBOCHARGER,DEBRAND.ID21.HX40	Turbocharger
3595781	4031077	3595781	TURBOCHARGER,DEBRD.ID21.HX40	Turbocharger
3595782	359578200	N/A	COVER,PROTECTIVE	Other Spare
3595832	3595832	N/A	SHAFT & WHEEL.HX35W	Shaft And Wheel Assembly
3595878	359587800	N/A	KIT,WASTEGATE ACTUATOR	Actuator Kit
3595896	3595896	N/A	HOUSING,COMPRESSOR,HX35	Compressor Housing
3595924	359592500	3595924	TURBOCHARGER.ID21.HX35	Turbocharger
3595937	4033373	3595937	TURBOCHARGER ID21 HX40W	Turbocharger
3595949	3595949	N/A	SHAFT & WHEEL.HY35W	Shaft And Wheel Assembly
3595981	3595981	N/A	BEARING,THRUST HY55V	Thrust Bearing
3596011	3596011	N/A	ACTUATOR,TURBO,HX60W	Other Spare
3596097	3596097	N/A	IMPELLER,HX40	Compressor Wheel
3596101	402520000	3596101	TURBOCHARGER,HT60	Turbocharger
3596134	3596134	N/A	IMPELLER,HX50	Compressor Wheel
3596135	359613500	N/A	COMPRESSOR WHEEL	Compressor Wheel
3596136	359613600	N/A	ACTUATOR,TURBOCHARGER	Other Spare
3596178	3596178	N/A	HOUSING,BEARING,HX40	Bearing Housing
3596226	3596226	N/A	SHAFT & WHEEL.HX40W	Shaft And Wheel Assembly
3596244	3596244	N/A	ACTUATOR,HX35W	Other Spare
3596270	3596270	N/A	HOUSING,BEARING,HX35W	Bearing Housing
3596282	359628200	N/A	CORE ASSEMBLY.HY30	Core
3596283	3595340	3596283	TURBOCHARGER,ID21,HY30W	Turbocharger
3596298	3596298	N/A	HOUSING,BEARING,HX40W	Bearing Housing
3596372	359637200	N/A	KIT,WASTEGATE ACTUATOR	Actuator Kit
3596402	359640200	N/A	NUT,LOCK	Other Spare
3596418	402522500	3596418	TURBO,HX40W	Turbocharger
3596448	3596448	N/A	PLATE.OIL SEAL.HX30	Other Spare
3596456	3596456	N/A	VALVE.AIR CONTROL.ASSY	VG Valve
3596461	359646100	N/A	ACTUATOR.HX50W	Other Spare
3596462	3596463	3596462	TURBOCHARGER ID21 HX50W	Turbocharger
3596481	3596481	N/A	HOUSING,TURBINE.HY35W	Turbine Housing
3596502	3596502	N/A	HOUSING,COMPRESSOR,HX40W	Compressor Housing
3596505	3596505	N/A	HOUSING,BEARING,HX55	Bearing Housing
3596521	4033177	3596521	TURBOCHARGER ID21 HX60W	Turbocharger
3596542	3596542	N/A	HOUSING,COMPRESSOR,HX32,ASSY	Compressor Housing
3596579	3596579	N/A	HOUSING,COMPRESSOR,HX60	Compressor Housing
3596584	380629900	3596584	TURBOCHARGER,H1 WASTEGATE	Turbocharger
3596586	380629800	3596586	TURBOCHARGER,H1 WASTEGATE	Turbocharger
3596597	3596598	3596597	TURBOCHARGER,ID21,HX27W	Turbocharger
3596608	3596608	N/A	ACTUATOR,PERMANENT ASSEMBLY,HX50W	Other Spare
3596628	408912300	3596628	TURBOCHARGER,HX35 WASTEGA	Turbocharger
3596629	402540200	3596629	TURBOCHARGER,HX35 WASTEGA	Turbocharger
3596647	4033084	3596647	TURBOCHARGER,ID21,HY35W	Turbocharger
3596676	3596676	N/A	HOUSING,TURBINE.HX60W.ASSY	Turbine Housing
3596689	3596689	N/A	ACTUATOR,ASSY,HX27W	Other Spare
3596720	359673100	3596720	TURBOCHARGER	Turbocharger
3596721	359673500	3596721	TURBOCHARGER.ID21.HX40W	Turbocharger
3596738	359673800	N/A	HOUSING,COMPRESSOR.HX40W.ASSY	Compressor Housing
3596776	3596776	N/A	HOUSING,COMPRESSOR,HX35W,ASSY	Compressor Housing
3596787	4033376	3596787	TURBOCHARGER ID21 HX40W	Turbocharger
3596904	3596904	N/A	HOUSING,COMPRESSOR,HX50	Compressor Housing
3596922	3596922	N/A	CORE ASSEMBLY,WH1C	Core
3596927	3596928	3596927	TURBOCHARGER ID21 HX40	Turbocharger
3596929	359694300	3596929	TURBOCHARGER	Turbocharger
3596944	359694500	3596944	TURBOCHARGER,HX40	Turbocharger
3596946	3596947	3596946	TURBOCHARGER ID21 HX40	Turbocharger
3596948	3596949	3596948	TURBOCHARGER ID21 HX35	Turbocharger
3596952	3596953	3596952	TURBOCOMPRESSOR	Turbocharger
3596957	3596957	N/A	KIT, ACTUATOR,PNEUMATIC,HX60W	Actuator Kit
3596987	3596988	3596987	TURBOCOMPRESSOR	Turbocharger
3597023	402539700	3597023	TURBOCHARGER,HX40W	Turbocharger
3597031	3597031	N/A	VALVE.AIR CONTROL.ASSY	VG Valve
3597069	3597070	3597069	TURBOCHARGER ID21 HX60	Turbocharger
3597076	402539900	3597076	TURBOCHARGER,HX40W	Turbocharger
3597081	408978800	3597081	TURBOCHARGER,HX40W	Turbocharger
3597179	4033073	3597179	TURBOCHARGER,ID21,HX35W	Turbocharger
3597180	4033086	3597180	TURBOCHARGER ID21 HX35W	Turbocharger
3597181	4033087	3597181	TURBOCHARGER ID21 HX35W	Turbocharger
3597182	3597183	3597182	TURBOCHARGER ID21 HX40W	Turbocharger
3597218	4033400	3597218	TURBOCHARGER ID21 HX50	Turbocharger
3597226	3597226	N/A	IMPELLER,HY55V	Compressor Wheel
3597246	3597247	3597246	TURBOCHARGER,ID21,HX40	Turbocharger
3597253	3597253	N/A	HOUSING,TURBINE.HX50	Turbine Housing
3597280	4033404	3597280	TURBOCHARGER ID21 HX40W	Turbocharger
3597284	4033327	3597284	TURBOCHARGER ID21 HX50	Turbocharger
3597285	4033283	3597285	TURBOCHARGER ID21 HX50	Turbocharger
3597306	3597306	N/A	HOUSING,COMPRESSOR,HX35	Compressor Housing
3597311	532163400	3597311	TURBOCHARGER,HX40W	Turbocharger
3597395	3597395	N/A	HOUSING,TURBINE.HX40G.ASSY	Turbine Housing
3597499	4033306	3597499	TURBOCHARGER ID21 HX40	Turbocharger
3597501	4033132	3597501	TURBOCHARGER ID21 HX40W	Turbocharger
3597508	3597509	3597508	TURBOCHARGER ID21 HX35W	Turbocharger
3597518	3597518	N/A	END LINK,ADJUSTING,ASSY	Other Spare
3597519	3597520	3597519	TURBOCHARGER ID21 HX60	Turbocharger
3597544	4033287	3597544	TURBOCHARGER ID21 HX50W	Turbocharger
3597546	4033088	3597546	TURBOCHARGER ID21 HX50W	Turbocharger
3597576	408932700	3597576	TURBOCHARGER,KIT.ID21.HX40W	Turbocharger
3597581	408932800	3597581	TURBOCHARGER,HX40W	Turbocharger
3597584	408932900	3597584	TURBOCHARGER,HX40W	Turbocharger
3597588	408933100	3597588	TURBOCHARGER,HX40W	Turbocharger
3597659	4033285	3597659	TURBOCHARGER ID21 HX50	Turbocharger
3597699	408908400	3597699	TURBOCHARGER,HT60	Turbocharger
3597727	4033089	3597727	TURBOCHARGER ID21 HX35W	Turbocharger
3597760	3597761	3597760	TURBOCHARGER ID21 HX40W	Turbocharger
3597783	3597783	N/A	SLINGER, OIL.HX35	Other Spare
3597784	3597784	N/A	HOUSING,COMPRESSOR,HX40	Compressor Housing
3597785	359778500	N/A	ACTUATOR,TURBOCHARGER	Other Spare
3597855	3597855	N/A	ACTUATOR,PERMANENT ASSEMBLY,HX55W	Other Spare
3597862	404277100	3597862	TURBOCHARGER	Turbocharger
3597911	3597912	3597911	TURBOCOMPRESSOR	Turbocharger
3597913	3597914	3597913	TURBOCOMPRESSOR	Turbocharger
3597957	359795700	N/A	HOUSING,COMPRESSOR.HX40W.ASSY	Compressor Housing
3597959	3597959	N/A	ACTUATOR,PERMANENT ASSEMBLY,HX50W	Other Spare
3597960	4033178	3597960	TURBOCHARGER ID21 HX35W	Turbocharger
3598047	4033984	3598047	TURBOCHARGER ID21 HX30W	Turbocharger
3598051	359805100	N/A	HOUSING,TURBINE	Turbine Housing
3598070	408939300	3598070	TURBOCHARGER,HX40W	Turbocharger
3598089	408913400	3598089	TURBOCHARGER,HX35 WASTEGA	Turbocharger
3598107	4033724	3598107	TURBOCHARGER ID21 HX40	Turbocharger
3598125	4033630	3598125	TURBOCHARGER ID21 HX35M	Turbocharger
3598204	359820400	N/A	HOUSING,TURBINE	Turbine Housing
3598205	359820500	N/A	HOUSING,TURBINE	Turbine Housing
3598210	3598210	N/A	HOUSING,TURBINE.HX40W.PER ASSY	Turbine Housing
3598211	3598211	N/A	HOUSING,TURBINE.HX40W.PER ASSY	Turbine Housing
3598263	408932100	3598263	TURBOCHARGER,HX40W	Turbocharger
3598272	3598272	N/A	ACTUATOR,PERMANENT ASSEMBLY,HY35W	Other Spare
3598273	3598273	N/A	ACTUATOR,HY35W,(DRAB OLIVE)	Other Spare
3598289	3598290	3598289	TURBOCHARGER,ID21,HX35W	Turbocharger
3598337	4033361	3598337	TURBOCHARGER ID21 HX35	Turbocharger
3598369	3598369	N/A	ACTUATOR,HX40W	Other Spare
3598391	4033638	3598391	TURBOCHARGER.ID21.HX35G	Turbocharger
3598467	3598467	N/A	ACTUATOR,TURBO,HY35W	Other Spare
3598470	359847000	N/A	ACTUATOR.ASSY.HY35W	Other Spare
3598471	3598471	N/A	ACTUATOR,PERMANENT ASSEMBLY,HY35W	Other Spare
3598482	359848200	N/A	ACTUATOR,TURBOCHARGER	Other Spare
3598483	3598483	N/A	ACTUATOR,PERMANENT ASSEMBLY,HX35W	Other Spare
3598484	359848400	N/A	ACTUATOR,TURBOCHARGER	Other Spare
3598542	408931900	3598542	TURBOCHARGER,KIT.ID21.HX30W	Turbocharger
3598543	4033367	3598543	TURBOCHARGER,ID21,HX30W	Turbocharger
3598550	4033591	3598550	TURBOCHARGER ID21 HX50M	Turbocharger
3598563	3598563	N/A	ACTUATOR,ASSY,HX27W	Other Spare
3598580	3598580	N/A	HOUSING,COMPRESSOR,HX60,ASSY,	Compressor Housing
3598643	3598643	N/A	HOUSING,COMPRESSOR,HX35,ASSY	Compressor Housing
3598666	359866600	N/A	HOUSING,COMPRESSOR.HX30W.ASSY	Compressor Housing
3598667	3598667	N/A	HOUSING,COMPRESSOR,HX30W	Compressor Housing
3598668	3598668	N/A	HOUSING,BEARING,HX35,ASSY	Bearing Housing
3598669	3598669	N/A	HOUSING,BEARING,HX35,ASSY	Bearing Housing
3598675	359867500	N/A	SEAL,SPLIT RING	Other Spare
3598707	4036160	3598707	TURBOCHARGER ID21 HX35	Turbocharger
3598719	359871900	N/A	HOUSING,COMPRESSOR	Compressor Housing
3598723	4033350	3598723	TURBOCHARGER,ID21,HX25W	Turbocharger
3598834	4033170	3598834	TURBOCHARGER,ID21,HX35W	Turbocharger
3598836	4033036	3598836	TURBOCHARGER ID21 HX35W	Turbocharger
3598839	3598840	3598839	TURBOCHARGER,ID21,HX27W	Turbocharger
3598866	4033305	3598866	TURBOCHARGER ID21 HX25W	Turbocharger
3598868	3598868	N/A	HOUSING,TURBINE.HX25W	Turbine Housing
3598889	4033418	3598889	TURBOCHARGER ID21 HX35W	Turbocharger
3598897	4033386	3598897	TURBOCHARGER,ID21,HX35W	Turbocharger
3598898	4033204	3598898	TURBOCHARGER,ID21,HX35W	Turbocharger
3598919	3598920	3598919	TURBOCHARGER ID21 HX40	Turbocharger
3598925	3598926	3598925	TURBOCHARGER,ID21,HX35	Turbocharger
3598945	378667500	3598945	TURBOCHARGER,DEBRAND.ID21.HX52	Turbocharger
3598947	403114700	3598947	TURBOCHARGER,DEBRAND.ID21.HX52	Turbocharger
3598950	3598950	N/A	HOUSING,TURBINE.HX52	Turbine Housing
3598984	3598984	N/A	HOUSING,BEARING.HX52	Bearing Housing
3598995	359899500	N/A	HOUSING,COMPRESSOR	Compressor Housing
3598998	359899800	N/A	HOUSING,COMPRESSOR.HX40	Compressor Housing
3599016	3599016	N/A	IMPELLER,HE431V	Compressor Wheel
3599018	3599018	N/A	IMPELLER,HE431V	Compressor Wheel
3599027	4033593	3599027	TURBOCHARGER ID21 HX27W	Turbocharger
3599049	4033161	3599049	TURBOCHARGER,ID21,HX25W	Turbocharger
3599050	3599050	N/A	HOUSING,TURBINE.HX40M	Turbine Housing
3599051	3598309	3599051	TURBOCHARGER ID21 HX40M	Turbocharger
3599053	359905300	N/A	SEAL.C RING HE551V	Other Spare
3599060	359906000	N/A	HOUSING,COMPRESSOR.HX30W.ASSY	Compressor Housing
3599080	4033081	3599080	TURBOCHARGER ID21 HX25W	Turbocharger
3599099	4033381	3599099	TURBOCHARGER ID21 HX35W	Turbocharger
3599101	3599101	N/A	ACTUATOR,ASSY,HX35W	Other Spare
3599105	532163500	3599105	TURBOCHARGER,HX40W	Turbocharger
3599110	408934300	3599110	TURBOCHARGER,HX40	Turbocharger
3599172	3599173	3599172	TURBOCOMPRESSOR	Turbocharger
3599247	3599247	N/A	ACTUATOR,ASSY,HX25W	Other Spare
3599259	378666500	3599259	TURBOCHARGER.ID21.HX40W	Turbocharger
3599262	4033082	3599262	TURBOCHARGER ID21 HX40W	Turbocharger
3599293	378666800	3599293	TURBOCHARGER.HX60	Turbocharger
3599317	4033312	3599317	TURBOCHARGER ID21 HX35W	Turbocharger
3599319	3599319	N/A	HOUSING,COMPRESSOR,HX35W,ASSY	Compressor Housing
3599331	408995300	3599331	TURBOCHARGER	Turbocharger
3599350	4033163	3599350	TURBOCHARGER ID21 HX25W	Turbocharger
3599361	4033405	3599361	TURBOCHARGER ID21 HX40W	Turbocharger
3599363	4033380	3599363	TURBOCHARGER,ID21,HX27W	Turbocharger
3599385	403309100	3599385	TURBOCHARGER.ID21.HX40W	Turbocharger
3599418	359941800	N/A	HOUSING,COMPRESSOR.HX40W.ASSY	Compressor Housing
3599479	4033074	3599479	TURBOCHARGER,ID21,HX35W	Turbocharger
3599484	4033075	3599484	TURBOCHARGER,ID21,HX30W	Turbocharger
3599496	3599496	N/A	HOUSING,TURBINE.HX40	Turbine Housing
3599514	3599514	N/A	HOUSING,BEARING,HX35	Bearing Housing
3599550	359955000	N/A	IMPELLER,TUR COMPRESSOR	Compressor Wheel
3599588	359958800	N/A	IMPELLER,TUR COMPRESSOR	Compressor Wheel
3599589	3599589	N/A	IMPELLER,HX40	Compressor Wheel
3599590	3599590	N/A	IMPELLER,HX40	Compressor Wheel
3599591	359959100	N/A	IMPELLER,TUR COMPRESSOR	Compressor Wheel
3599592	359959200	N/A	IMPELLER,TUR COMPRESSOR	Compressor Wheel
3599593	359959300	N/A	IMPELLER,TUR COMPRESSOR	Compressor Wheel
3599594	359959400	N/A	IMPELLER,TUR COMPRESSOR	Compressor Wheel
3599595	3599595	N/A	IMPELLER,HX40	Compressor Wheel
3599637	359963700	N/A	IMPELLER,TUR COMPRESSOR	Compressor Wheel
3599638	359963800	N/A	IMPELLER,TUR COMPRESSOR	Compressor Wheel
3599639	359963900	N/A	IMPELLER,TUR COMPRESSOR	Compressor Wheel
3599640	3599640	N/A	IMPELLER,H1E	Compressor Wheel
3599641	359964100	N/A	IMPELLER,TUR COMPRESSOR	Compressor Wheel
3599642	359964200	N/A	IMPELLER,TUR COMPRESSOR	Compressor Wheel
3599643	359964300	N/A	IMPELLER,TUR COMPRESSOR	Compressor Wheel
3599644	359964400	N/A	IMPELLER,TUR COMPRESSOR	Compressor Wheel
3599645	3599645	N/A	IMPELLER,H1E	Compressor Wheel
3599646	359964600	N/A	IMPELLER,TUR COMPRESSOR	Compressor Wheel
3599648	3599648	N/A	IMPELLER,HX35W	Compressor Wheel
3599649	3599649	N/A	IMPELLER,HX35W	Compressor Wheel
3599650	3599650	N/A	IMPELLER,HX35W	Compressor Wheel
3599651	359965100	N/A	IMPELLER,TUR COMPRESSOR	Compressor Wheel
3599653	3599653	N/A	IMPELLER,HX35W	Compressor Wheel
3599669	3599669	N/A	IMPELLER,HX30	Compressor Wheel
3599673	3599673	N/A	IMPELLER,HX30	Compressor Wheel
3599689	4033907	3599689	TURBOCHARGER.ID21.HX40W	Turbocharger
3599693	3599693	N/A	IMPELLER,HX30	Compressor Wheel
3599694	3599694	N/A	IMPELLER,HX30	Compressor Wheel
3599699	359969900	N/A	IMPELLER,TUR COMPRESSOR	Compressor Wheel
3599725	403316200	3599725	TURBOCHARGER	Turbocharger
3599756	3599757	3599756	TURBOCHARGER ID21 HX40W	Turbocharger
3599759	495530000	3599759	TURBO,HX35	Turbocharger
3599836	3599836	N/A	BRACKET,ACTUATOR HX60W	Other Spare
3599862	3599862	N/A	BEARING,JOURNAL,HY35W	Journal Bearing
3599872	3599872	N/A	ADAPTOR,CONNECTION HX40G	Other Spare
3599877	403394500	3599877	TURBOCHARGER.ID21.HX25	Turbocharger
3599879	4033587	3599879	TURBOCHARGER ID21 HX25	Turbocharger
3599891	3599891	N/A	ACTUATOR,TURBO,HE341CW	Other Spare
3599937	3599937	N/A	HOUSING,BEARING,HX35W	Bearing Housing
3599943	3599943	N/A	HOUSING,BEARING,HX40	Bearing Housing
3599951	3599951	N/A	ACTUATOR,ASSY,HX25W	Other Spare
3599955	408959900	3599955	TURBOCHARGER,HX50	Turbocharger
3599965	378667600	3599965	TURBOCHARGER,DEBRAND.ID21.HX52	Turbocharger
3599975	3599976	3599975	TURBOCHARGER,ID21,HY35W	Turbocharger
3599984	3599984	N/A	HOUSING,COMPRESSOR,HX35	Compressor Housing
3599996	403114800	3599996	TURBOCHARGER,DEBRAND.ID21.HX52	Turbocharger
3599996	403114800	3599996	TURBOCHARGER,DEBRAND.ID21.HX52	Turbocharger
3650331	365033100	N/A	RING.COMPRESSION PISTON	Other Spare
3682177	368217700	N/A	SEAL,O RING	Other Spare
3709510	370951000	N/A	RING,RETAINING	Other Spare
3709516	370951600	N/A	SEAL,SPLIT RING	Other Spare
3709749	370974900	N/A	GASKET,TURBOCHARGER	Other Spare
3709753	370975300	N/A	RING,RETAINING	Other Spare
3709764	370976400	N/A	SEAL,SPLIT RING	Other Spare
3709765	370976500	N/A	SEAL,SPLIT RING	Other Spare
3709774	370977400	N/A	LOCKPLATE	Other Spare
3709779	370977900	N/A	WASHER,SPRING	Other Spare
3709861	370986100	N/A	GASKET,TURBOCHARGER	Other Spare
3713002	371300200	N/A	GASKET,TURBOCHARGER	Other Spare
3715174	371517400	N/A	CLAMP,V BAND	Other Spare
3718373	371837300	N/A	RING,RETAINING	Other Spare
3718455	371845500	N/A	SPACER,TUR IMPELLER	Other Spare
3720163	372016300	N/A	CLAMP,V BAND	Other Spare
3722366	372236600	N/A	BEARING,TURBOCHARGER	Journal Bearing
3723863	372386300	N/A	RING,RETAINING	Other Spare
3725262	372526200	N/A	BAFFLE,OIL	Other Spare
3751135	375113500	N/A	PLATE,OIL SEAL	Other Spare
3751145	375114500	N/A	SCREW,HEXAGON HEAD SET	Other Spare
3751197	375119700	N/A	WASHER,PLAIN	Other Spare
3751240	375124000	N/A	RING,THRUST	Other Spare
3751381	375138100	N/A	IMPELLER,TUR COMPRESSOR	Compressor Wheel
3751948	375194800	N/A	SEAL,O RING	Other Spare
3752799	375279900	N/A	SEAL,O RING	Other Spare
3752869	375286900	N/A	BEARING.THRUST 4LE	Thrust Bearing
3752951	375295100	N/A	SEAL,SPLIT RING	Other Spare
3752986	375298600	N/A	SHAFT & WHEEL	Shaft And Wheel Assembly
3755843	375584300	N/A	GASKET,TURBOCHARGER	Other Spare
3755947	375594700	N/A	WASHER.4L	Other Spare
3756135	375613500	N/A	PIN,STRAIGHT	Other Spare
3756495	375649500	N/A	WASHER,LOCK	Other Spare
3756754	375675400	N/A	SEAL,SPLIT RING	Other Spare
3757175	375717500	N/A	WHEEL,TURBOCHARGER HT3B	Shaft And Wheel Assembly
3757753	375775300	N/A	SLEEVE,TURBOCHARGER	Other Spare
3758538	375853800	N/A	SHIELD,HEAT	Other Spare
3758656	375865600	N/A	NUT,LOCK	Other Spare
3758848	375884800	N/A	SEAL,SPLIT RING	Other Spare
3759526	375952600	N/A	SCREW,HEXAGON HEAD CAP	Other Spare
3759618	375961800	N/A	PLATE,OIL SEAL	Other Spare
3759619	375961900	N/A	SLINGER,OIL	Other Spare
3760250	376025000	N/A	NUT,LOCK	Other Spare
3761210	376121000	N/A	LOCKPLATE	Other Spare
3761343	376134300	N/A	SHIELD,TURBOCHARGER HEAT	Other Spare
3762034	376203400	N/A	SHAFT & WHEEL	Shaft And Wheel Assembly
3762253	376225300	N/A	HOUSING,TURBINE	Turbine Housing
3762259	376225900	N/A	RING,RETAINING	Other Spare
3762449	376244900	N/A	RING,RETAINING	Other Spare
3762564	376256400	N/A	PLATE,OIL SEAL	Other Spare
3762915	376291500	N/A	SEAL,O RING	Other Spare
3767206	376720600	N/A	ACTUATOR.ASSY.HE551W	Other Spare
3767211	284350900	3767211	TURBOCHARGER	Turbocharger
3767230	376723100	3767230	TURBOCHARGER	Turbocharger
3767397	4033786	3767397	TURBOCHARGER ID21 HX35W	Turbocharger
3767747	403380200	3767747	TURBOCHARGER.ID21.HX40W	Turbocharger
3767754	378671400	3767754	TURBOCHARGER	Turbocharger
3767758	4033773	3767758	TURBOCHARGER ID21 HX50	Turbocharger
3767999	4033339	3767999	TURBOCHARGER,ID21,HX50W	Turbocharger
3768149	403114900	3768149	TURBOCHARGER,DEBRAND.ID21.HX40	Turbocharger
3768201	378666900	3768201	TURBOCHARGER.HE600WG	Turbocharger
3768263	288199300	3768263	TURBOCHARGER,KIT.ID21.HE551V	Turbocharger
3768264	288199400	3768264	TURBOCHARGER,KIT.ID21.HE551V	Turbocharger
3768344	376834400	N/A	HOUSING,COMPRESSOR.HX52W	Compressor Housing
3768398	4033932	3768398	TURBOCHARGER ID21 HX55WM	Turbocharger
3768401	376840100	N/A	CORE ASSEMBLY.HE211W	Core
3768480	376848000	N/A	CORE ASSEMBLY.HX35G	Core
3768483	376848300	N/A	CORE ASSEMBLY.HX35G	Core
3768522	376852200	N/A	CORE ASSEMBLY.HX40W	Core
3768543	376854400	3768543	TURBOCHARGER	Turbocharger
3768582	378716300	3768582	TURBOCHARGER.ID21.HX40W	Turbocharger
3768589	378652500	3768589	TURBOCHARGER.HX25	Turbocharger
3768761	403395800	3768761	TURBOCHARGER.ID21.HX40W	Turbocharger
3769129	403386100	3769129	TURBOCHARGER.ID21.HX35W	Turbocharger
3769427	403115000	3769427	TURBOCHARGER DEBRAND ID21 HX40W	Turbocharger
3769428	4031151	3769428	TURBOCHARGER,DEBRAND.ID21.HX40W	Turbocharger
3769429	403115200	3769429	TURBOCHARGER,DEBRAND.ID21.HX40W	Turbocharger
3769466	376946500	3769466	TURBOCHARGER	Turbocharger
3769718	403396000	3769718	TURBO,CTT XREF ONLY	Turbocharger
3769819	3769819	N/A	CORE ASSEMBLY,HX40W	Core
3770051	377005200	3770051	TURBOCHARGER	Turbocharger
3770106	4033758	3770106	TURBOCHARGER.ID21.HX40W	Turbocharger
3770108	403376300	3770108	KIT,TURBOCHARGER	Turbocharger
3770215	403376800	3770215	TURBOCHARGER.ID21.HX35W	Turbocharger
3770282	377028200	N/A	HOUSING,TURBINE.HE500VG.ASSY	Turbine Housing
3770286	377028600	N/A	HOUSING,TURBINE.HE500VG.ASSY	Turbine Housing
3770287	377028700	N/A	HOUSING,TURBINE.HE500VG.ASSY	Turbine Housing
3770399	403395500	3770399	TURBOCHARGER.ID21.HX40G	Turbocharger
3770457	403108500	3770457	TURBOCHARGER,DEBRAND.ID21.HE500WG	Turbocharger
3770482	403108600	3770482	TURBOCHARGER,DEBRAND.ID21.HE500WG	Turbocharger
3770570	288206900	3770570	KIT,TURBOCHARGER	Turbocharger
3770571	288206800	3770571	KIT,TURBOCHARGER	Turbocharger
3770675	377067500	N/A	SEAL.U RING HE400VG	Other Spare
3770742	377074200	N/A	VALVE,AIR CONTROL	VG Valve
3770743	377074300	N/A	VALVE,AIR CONTROL	VG Valve
3770780	403382800	3770780	TURBOCHARGER.ID21.HX25W	Turbocharger
3770804	377080400	N/A	GASKET.ADAPTOR	Other Spare
3770807	403108700	3770807	TURBOCHARGER,DEBRAND.ID21.HE500WG	Turbocharger
3770808	403108800	3770808	TURBOCHARGER,DEBRAND.HE500WG	Turbocharger
3770875	4033789	3770875	TURBOCHARGER ID21 HX35W	Turbocharger
3770877	4033790	3770877	TURBOCHARGER ID21 HX35W	Turbocharger
3770973	377097300	3799833	TURBOCHARGER	Turbocharger
3771285	378665300	3771285	TURBOCHARGER.ID21.HX55	Turbocharger
3771330	4033774	3771330	TURBOCHARGER ID21 HX50	Turbocharger
3771796	377179600	N/A	ACTUATOR.ASSY.HE600WG	Other Spare
3771797	378667000	3771797	TURBOCHARGER.HE600WG	Turbocharger
3772092	378708300	3772092	TURBOCHARGER.ID21.HX55W	Turbocharger
3772495	377249500	N/A	ACTUATOR.VG.HY55V	Other Spare
3772605	403376400	3772605	TURBOCHARGER.ID21.HX40W	Turbocharger
3772934	403384400	3772934	TURBOCHARGER.ID21.HX55	Turbocharger
3773888	377388800	N/A	SCREW,HEX FLANGE HEAD CAP	Other Spare
3774189	377422100	3774189	TURBOCHARGER	Turbocharger
3774193	4033830	3774193	TURBOCHARGER ID21 HE211W	Turbocharger
3774196	378653600	3774196	TURBO,CTT XREF ONLY	Turbocharger
3774197	378710400	3774197	TURBOCHARGER.ID21.HE211W	Turbocharger
3774202	403387800	3774202	TURBOCHARGER.ID21.HE211W	Turbocharger
3774205	403387900	3774205	TURBOCHARGER.ID21.HE211W	Turbocharger
3774208	378703500	3774208	TURBOCHARGER	Turbocharger
3774246	4033518	3774246	TURBOCHARGER ID21 HX82	Turbocharger
3774247	4033505	3774247	TURBOCHARGER ID21 HX82	Turbocharger
3774249	3774249	N/A	CORE ASSEMBLY,HX82	Core
3774515	403390800	3774515	TURBOCHARGER.ID21.HE400FG	Turbocharger
3774516	403390900	3774516	TURBOCHARGER.ID21.HE400WG	Turbocharger
3774517	403390500	3774517	TURBOCHARGER.ID21.HE400FG	Turbocharger
3774518	403391000	3774518	TURBOCHARGER.ID21.HE400WG	Turbocharger
3774569	380079900	3774569	TURBOCHARGER,HX35 WASTEGA	Turbocharger
3774570	380039700	3774570	TURBOCHARGER,HX35 WASTEGA	Turbocharger
3774625	377462500	3795161	TURBOCHARGER	Turbocharger
3774682	403377700	3774682	TURBOCHARGER.ID21.HE500WG	Turbocharger
3775178	378701300	3775178	TURBOCHARGER.ID21.HX55W	Turbocharger
3775487	3775487	N/A	HOUSING,TURBINE.HE500WG.ASSY	Turbine Housing
3775527	378709700	3775527	TURBOCHARGER.ID21.HX20W	Turbocharger
3775588	403382900	3775588	TURBOCHARGER.ID21.HX40G	Turbocharger
3775754	378700500	3775754	TURBOCHARGER.ID21.HE500WG	Turbocharger
3776072	403382100	3776072	TURBOCHARGER.ID21.HX40W	Turbocharger
3776449	403378400	3776449	TURBOCHARGER.ID21.HX50W	Turbocharger
3776467	4033540	3776467	TURBOCHARGER.ID21.HX50	Turbocharger
3776468	403379700	3776468	TURBOCHARGER.HX50W	Turbocharger
3776472	378719400	3776472	TURBOCHARGER.ID21.HX55W	Turbocharger
3776506	378700600	3776506	TURBOCHARGER.ID21.HX50W	Turbocharger
3776562	378655700	3776562	TURBOCHARGER.ID21.HX55W	Turbocharger
3776594	3787014	3776594	TURBOCHARGER.ID21.HX55W	Turbocharger
3776947	430936400	3776947	TURBOCHARGER.ID21.HX30W	Turbocharger
3776990	378702500	3776990	TURBOCHARGER.ID21.HE500WG	Turbocharger
3777058	403388000	3777058	TURBOCHARGER	Turbocharger
3777108	403395700	3777108	TURBO,CTT XREF ONLY	Turbocharger
3777259	378121300	3777259	TURBOCHARGER	Turbocharger
3777701	4033811	3777701	TURBOCHARGER ID21 HE400WG	Turbocharger
3777802	403378000	3777802	TURBOCHARGER.ID21.HE300WG	Turbocharger
3777805	403378100	3777805	TURBOCHARGER.ID21.HE300WG	Turbocharger
3778034	403109800	3778034	TURBOCHARGER,DEBRAND.HE500FG	Turbocharger
3778043	377839000	3778043	TURBOCHARGER.ID21.HE300WG	Turbocharger
3778603	377860300	N/A	DIFFUSER,TURBOCHARGER	Other Spare
3778735	403380700	3778735	TURBOCHARGER.ID21.HE400WG	Turbocharger
3778737	403380800	3778737	TURBOCHARGER.ID21.HE400WG	Turbocharger
3778745	403377900	3778745	TURBOCHARGER.ID21.HE400WG	Turbocharger
3779098	403379400	3779098	TURBOCHARGER.ID21.HE500WG	Turbocharger
3779238	377923900	3779238	TURBOCHARGER.ID21.HE500WG	Turbocharger
3779248	377924800	N/A	RING,NOZZLE.HE400VG	Other Spare
3779360	403378300	3779360	TURBOCHARGER.ID21.HX35G	Turbocharger
3779362	403376600	3779362	TURBOCHARGER.ID21.HX40W	Turbocharger
3779383	403383200	3779383	TURBOCHARGER.ID21.HE300WG	Turbocharger
3779541	403378200	3779541	TURBOCHARGER.ID21.HE400WG	Turbocharger
3779567	403379800	3779567	TURBOCHARGER.HX50W	Turbocharger
3779708	4033313	3779708	TURBOCHARGER ID21 HX35	Turbocharger
3779709	4033401	3779709	TURBOCHARGER ID21 HX35	Turbocharger
3779710	4033068	3779710	TURBOCHARGER ID21 HX35	Turbocharger
3779711	4033369	3779711	TURBOCHARGER ID21 HX35	Turbocharger
3779712	4033371	3779712	TURBOCHARGER.ID21.HX35	Turbocharger
3779731	378714800	3779731	TURBOCHARGER.ID21.HX50G	Turbocharger
3779734	3779734	N/A	HOUSING,TURBINE.HX50G	Turbine Housing
3779944	403383400	3779944	TURBOCHARGER.HX40W	Turbocharger
3779947	403383300	3779947	TURBOCHARGER.ID21.HX40W	Turbocharger
3779951	4033981	3779951	TURBOCHARGER ID21 HX27W	Turbocharger
3779953	403383100	3779953	TURBOCHARGER.ID21.HE500WG	Turbocharger
3780104	403382000	3780104	TURBOCHARGER.ID21.HX40W	Turbocharger
3780180	378018200	3780180	TURBOCHARGER.ID21.HE300WG	Turbocharger
3780206	4033822	3780206	TURBOCHARGER ID21 HE551W	Turbocharger
3780208	403382300	3780208	TURBOCHARGER.ID21.HX52W	Turbocharger
3780337	378652700	3780337	TURBO,CTT XREF ONLY	Turbocharger
3780423	378042300	N/A	TURBINE HOUSING HE500FG	Turbine Housing
3780450	378045000	N/A	SHIM.	Other Spare
3780521	378665400	3780521	TURBOCHARGER.ID21.HX52W	Turbocharger
3780759	403376700	3780759	TURBOCHARGER.ID21.HX40W	Turbocharger
3781029	4033835	3781029	TURBOCHARGER ID21 HE500FG	Turbocharger
3781137	378113700	3781138	TURBOCHARGER	Turbocharger
3781166	288199200	3781166	TURBOCHARGER.ID21-5.HE531V	Turbocharger
3781167	288199500	3781167	TURBOCHARGER,KIT.ID21.HE551V	Turbocharger
3781177	409001100	3781177	KIT,TURBOCHARGER	Turbocharger
3781268	403377200	3781268	TURBOCHARGER.ID21.HE500WG	Turbocharger
3781496	3787081	3781496	TURBOCHARGER.ID21.HX25	Turbocharger
3781581	403123200	3781581	TURBOCHARGER,DEBRAND.HE400VG	Turbocharger
3781584	4031233	3781584	TURBOCHARGER,DEBRAND.ID21.HE400VG	Turbocharger
3781591	378708600	3781591	TURBOCHARGER.ID21.HE400FG	Turbocharger
3781662	378166500	3781662	TURBOCHARGER	Turbocharger
3782537	403110300	3782537	TURBOCHARGER,DEBRAND.ID21.HE500WG	Turbocharger
3782883	403386700	3782883	TURBOCHARGER.ID21.HX40W	Turbocharger
3783114	4033359	3783114	TURBOCHARGER.ID21.HE200WG	Turbocharger
3783350	3786655	3783350	TURBOCHARGER ID21 HE551WM	Turbocharger
3783604	378717500	3783604	TURBOCHARGER,HX40W	Turbocharger
3783851	378702600	3783851	TURBOCHARGER.ID21.HX25	Turbocharger
3784816	4033169	3784816	TURBOCHARGER ID21 HE400WG	Turbocharger
3784817	4033171	3784817	TURBOCHARGER ID21 HE400WG	Turbocharger
3785380	378704000	3785380	TURBOCHARGER.HX50W	Turbocharger
3785383	378704300	3785383	TURBOCHARGER.ID21.HX50W	Turbocharger
3785384	3787044	3785384	TURBOCHARGER ID21 HX50W	Turbocharger
3785389	403382500	3785389	TURBOCHARGER.ID21.HX50W	Turbocharger
3785395	403303700	3785395	TURBOCHARGER.HX50W	Turbocharger
3785396	378705500	3785396	TURBOCHARGER.ID21.HX50W	Turbocharger
3785399	378705800	3785399	TURBOCHARGER.ID21.HX50W	Turbocharger
3785404	378706300	3785404	TURBOCHARGER.ID21.HX40W	Turbocharger
3785406	378706500	3785406	TURBOCHARGER.ID21.HX40W	Turbocharger
3785408	378706700	3785408	TURBOCHARGER.HX40W	Turbocharger
3785409	378706800	3785409	TURBOCHARGER.ID21.HX40W	Turbocharger
3785411	4033695	3785411	TURBOCHARGER ID21 HX40W	Turbocharger
3785749	378703400	3785749	TURBOCHARGER.ID21.HX25	Turbocharger
3786174	378617500	3786174	TURBOCHARGER	Turbocharger
3786176	378617700	3786176	TURBOCHARGER.ID21.HE400WG	Turbocharger
3786262	378626200	N/A	KIT,GASKET.HE211W	Kit
3786280	378628000	N/A	KIT,TURBOCHARGER GASKET	Kit
3787430	403387100	3787430	TURBOCHARGER.ID21.HX50	Turbocharger
3787432	3787107	3787432	TURBOCHARGER ID21 HX50	Turbocharger
3787678	378767800	N/A	CORE ASSEMBLY.HE300WG	Core
3787679	378767900	N/A	CORE ASSEMBLY.HE300WG	Core
3787928	378667100	3787928	TURBOCHARGER.HE600FG	Turbocharger
3787965	435213900	3787965	KIT,TURBOCHARGER	Turbocharger
3787987	378798700	N/A	CORE ASSEMBLY.HX40W	Core
3788093	378719900	3788093	TURBO,CTT XREF ONLY	Turbocharger
3788443	378844300	3788450	TURBOCHARGER.ID21.HE500VG	Turbocharger
3788449	378844700	3788449	TURBOCHARGER.ID21.HE500VG	Turbocharger
3788471	403111000	3788471	TURBOCHARGER,DEBRAND.ID21.HX55	Turbocharger
3788472	4031111	3788472	TURBOCHARGER DEBRAND ID21 HX52	Turbocharger
3788473	403111200	3788473	TURBOCHARGER,DEBRAND.ID21.HX52W	Turbocharger
3788474	4031113	3788474	TURBOCHARGER DEBRRAND ID21 HX55	Turbocharger
3788475	4031114	3788475	TURBOCHARGER,DEBRAND,ID21.HX52	Turbocharger
3788482	378848200	N/A	CORE ASSEMBLY.HX52	Core
3788484	378848400	N/A	CORE ASSEMBLY.HX55	Core
3788485	378848500	N/A	CORE ASSEMBLY.HX52	Core
3788661	3787179	3788661	TURBOCHARGER.ID21.HX20	Turbocharger
3788663	378718400	3788663	TURBOCHARGER.ID21.HX20	Turbocharger
3788670	4031162	3788670	TURBOCHARGER,DEBRAND.ID21.HE500WG	Turbocharger
3788677	430914800	3788677	KIT,TURBOCHARGER	Turbocharger
3788863	403377100	3788863	TURBOCHARGER.HE500WG	Turbocharger
3789166	378716700	3789166	TURBOCHARGER.ID21.HX25	Turbocharger
3789182	378918200	N/A	SHAFT & WHEEL	Shaft And Wheel Assembly
3789188	378918800	N/A	SHAFT & WHEEL.HX50	Shaft And Wheel Assembly
3790052	403116400	3790052	TURBOCHARGER,DEBRAND.HE500WG	Turbocharger
3790082	378658300	3790082	TURBOCHARGER.ID21.HE500WG	Turbocharger
3790153	3790153	N/A	HOUSING,TURBINE.H1C	Turbine Housing
3790293	3786731	3790293	TURBOCHARGER ID21 HX55W	Turbocharger
3790345	532168600	3790345	KIT,TURBOCHARGER	Turbocharger
3790796	378659200	3790796	TURBO,CTT XREF ONLY	Turbocharger
3791056	437607600	3791056	KIT,TURBOCHARGER	Turbocharger
3791431	378659500	3791431	TURBOCHARGER.HE551W	Turbocharger
3791511	378651100	3791511	TURBOCHARGER.ID21.HX40W	Turbocharger
3791662	378660300	3791662	TURBOCHARGER ID21 HX50W	Turbocharger
3792222	430946900	3792222	KIT,TURBOCHARGER	Turbocharger
3792464	379246400	N/A	HOUSING,TURBINE.HE400WG.ASSY	Turbine Housing
3792465	379246500	N/A	HOUSING,TURBINE.HE400WG.ASSY	Turbine Housing
3792466	379246600	N/A	HOUSING,TURBINE.HE400WG.ASSY	Turbine Housing
3792498	4031294	3792498	TURBOCHARGER,DEBRAND.ID21.HX55	Turbocharger
3792500	4031293	3792500	TURBOCHARGER,DEBRAND.ID21.HX55	Turbocharger
3792806	435229700	3792806	TURBOCHARGER,HX55	Turbocharger
3792807	495571400	3792807	TURBOCHARGER,KIT.ID21.HX55W	Turbocharger
3793301	379330100	N/A	CORE ASSEMBLY.HE400FG	Core
3793302	379330200	N/A	CORE ASSEMBLY.HE300WG	Core
3793433	379028100	3793433	TURBOCHARGER	Turbocharger
3793686	379372500	3793686	TURBOCHARGER	Turbocharger
3793705	379376400	3793705	TURBOCHARGER	Turbocharger
3793707	379373900	3793707	TURBOCHARGER	Turbocharger
3793889	288171700	3793889	TURBOCHARGER,KIT HX35W	Turbocharger
3794194	4031040	3794194	TURBOCHARGER,DEBRAND.ID21.HE500VG	Turbocharger
3794529	378659600	3794529	TURBOCHARGER.HE500FG	Turbocharger
3794668	4033435	3794668	TURBOCHARGER ID21 HX35W	Turbocharger
3794682	379993100	3794682	KIT,TURBOCHARGER	Turbocharger
3794767	379993200	3794767	KIT,TURBOCHARGER	Turbocharger
3794892	378660500	3794892	TURBOCHARGER ID21 HX50W	Turbocharger
3795151	379224700	3795151	TURBOCHARGER	Turbocharger
3795162	379278600	3795162	TURBOCHARGER	Turbocharger
3795162	379278600	3795162	TURBOCHARGER	Turbocharger
3795164	379280000	3795164	TURBOCHARGER HE500VG	Turbocharger
3795165	379278500	3795165	TURBOCHARGER,HX40	Turbocharger
3795242	495609400	3795242	TURBOCHARGER,HEPRE07VG MR	Turbocharger
3795399	379539900	N/A	GASKET.HX25W	Other Spare
3795542	379556600	3795542	TURBOCHARGER	Turbocharger
3795554	379555400	3795536	TURBOCHARGER	Turbocharger
3795653	379565300	3795634	TURBOCHARGER.ID21.HE400VG	Turbocharger
3795659	379565900	3795635	TURBOCHARGER	Turbocharger
3795802	379580200	3795636	TURBOCHARGER	Turbocharger
3795958	408994500	3795958	TURBOCHARGER,HE351W	Turbocharger
3795959	408994600	3795959	TURBOCHARGER,HE351W	Turbocharger
3795960	495516700	3795960	TURBOCHARGER	Turbocharger
3796167	378712300	3796167	TURBO,CTT XREF ONLY	Turbocharger
3796169	378712100	3796169	TURBO,CTT XREF ONLY	Turbocharger
3796173	378662900	3796173	TURBO,CTT XREF ONLY	Turbocharger
3796175	378712500	3796175	TURBO,CTT XREF ONLY	Turbocharger
3796391	379639100	3796351	TURBOCHARGER	Turbocharger
3796898	4033614	3796898	TURBOCHARGER ID21 HX50W	Turbocharger
3796899	4033924	3796899	TURBOCHARGER ID21 HX50	Turbocharger
3796900	4033222	3796900	TURBOCHARGER ID21 HX50	Turbocharger
3796901	4033273	3796901	TURBOCHARGER ID21 HX50	Turbocharger
3796902	4033219	3796902	TURBOCHARGER ID21 HX50	Turbocharger
3796903	378700300	3796903	TURBOCHARGER.ID21.HX50W	Turbocharger
3796904	3536270	3796904	TURBOCHARGER ID21 HX50	Turbocharger
3796905	4033627	3796905	TURBOCHARGER ID21 HX50	Turbocharger
3796907	4033740	3796907	TURBOCHARGER ID21 HX50	Turbocharger
3796908	4033056	3796908	TURBOCHARGER ID21 HX50	Turbocharger
3796909	4033155	3796909	TURBOCHARGER ID21 HX50	Turbocharger
3796910	4033379	3796910	TURBOCHARGER ID21 HX50	Turbocharger
3796911	4033604	3796911	TURBOCHARGER ID21 HX50	Turbocharger
3796912	3796912	3796912	TURBOCHARGER ID17 HX50	Turbocharger
3796913	4033708	3796913	TURBOCHARGER ID21 HX50	Turbocharger
3796915	4033119	3796915	TURBOCHARGER ID21 HX50	Turbocharger
3796917	4033619	3796917	TURBOCHARGER ID21 HX50	Turbocharger
3796918	4033395	3796918	TURBOCHARGER ID21 HX50	Turbocharger
3796919	4033026	3796919	TURBOCHARGER ID21 HX50	Turbocharger
3796920	4033286	3796920	TURBOCHARGER ID21 HX50	Turbocharger
3796921	4033289	3796921	TURBOCHARGER ID21 HX50	Turbocharger
3796922	4033257	3796922	TURBOCHARGER ID21 HX50	Turbocharger
3796923	4033762	3796923	TURBOCHARGER ID21 HX50W	Turbocharger
3796925	4033106	3796925	TURBOCHARGER ID21 HX50W	Turbocharger
3796926	378700400	3796926	TURBOCHARGER.HX50W	Turbocharger
3796928	4033704	3796928	TURBOCHARGER ID21 HX50	Turbocharger
3796930	4032926	3796930	TURBOCHARGER ID21 HX50	Turbocharger
3796931	4032927	3796931	TURBOCHARGER ID21 HX50	Turbocharger
3796932	4033703	3796932	TURBOCHARGER ID21 HX50	Turbocharger
3796933	3796933	3796933	TURBOCHARGER ID17 HX50	Turbocharger
3796934	4032924	3796934	TURBOCHARGER ID21 HX50W	Turbocharger
3796935	4033300	3796935	TURBOCHARGER ID21 HX50	Turbocharger
3796936	4032923	3796936	TURBOCHARGER ID21 HX50	Turbocharger
3796937	4033318	3796937	TURBOCHARGER ID21 HX50	Turbocharger
3796938	4032928	3796938	TURBOCHARGER ID21 HX50	Turbocharger
3796939	4032932	3796939	TURBOCHARGER.ID21.HX50	Turbocharger
3796941	3596902	3796941	TURBOCOMPRESSOR	Turbocharger
3796942	4033122	3796942	TURBOCHARGER ID21 HX50	Turbocharger
3796944	3796944	3796944	TURBOCHARGER ID17 HX50	Turbocharger
3796946	4032922	3796946	TURBOCHARGER ID21 HX50	Turbocharger
3796947	4032925	3796947	TURBOCHARGER ID21 HX50	Turbocharger
3796948	403294500	3796948	TURBOCHARGER.ID21.HX50W	Turbocharger
3796949	4033532	3796949	TURBOCHARGER ID21 HX50	Turbocharger
3796950	4033701	3796950	TURBOCHARGER ID21 HX50	Turbocharger
3796951	4033538	3796951	TURBOCHARGER ID21 HX50	Turbocharger
3796952	3796952	3796952	TURBOCHARGER ID17 HX50	Turbocharger
3796953	3796953	3796953	HX50 TURBOCHARGER	Turbocharger
3796954	3796954	3796954	TURBOCHARGER.ID21.HX50	Turbocharger
3796955	3796955	3796955	TURBOCHARGER ID17 HX50	Turbocharger
3796956	4033065	3796956	TURBOCHARGER ID21 HX50	Turbocharger
3796957	4033358	3796957	TURBOCHARGER ID21 HX50	Turbocharger
3797395	403109000	3797395	TURBOCHARGER,DEBRAND.ID21.HE500FG	Turbocharger
3797396	403108000	3797396	TURBOCHARGER,DEBRAND.ID21.HX55	Turbocharger
3797397	4033325	3797397	TURBOCHARGER ID21 HX50	Turbocharger
3797398	403112500	3797398	TURBOCHARGER,DEBRAND.ID21.HE500FG	Turbocharger
3797399	4033124	3797399	TURBOCHARGER ID21 HX50	Turbocharger
3797400	4031127	3797400	TURBOCHARGER, DEBRAND, ID21, HX55	Turbocharger
3797536	379753600	3797541	TURBOCHARGER	Turbocharger
3797739	4033194	3797739	TURBOCHARGER ID21 HX40W	Turbocharger
3797866	379786600	N/A	HOUSING,TURBINE.HE300WG.ASSY	Turbine Housing
3797882	4031159	3797882	TURBOCHARGER,DEBRAND.ID21.HE551W	Turbocharger
3797885	4031160	3797885	TURBOCHARGER DEBRAND ID21 HE551W	Turbocharger
3798177	379817800	3798177	TURBOCHARGER.ID21.HE200FG	Turbocharger
3798310	379831000	TBC	KIT,TURBOCHARGER	Short Turbocharger
3798449	379845000	3798449	TURBOCHARGER.ID21.HE200WG	Turbocharger
3798475	403125100	3798475	TURBOCHARGER,DEBRAND.ID21.HE500WG	Turbocharger
3798488	403125200	3798488	TURBOCHARGER,DEBRAND.ID21.HE500WG	Turbocharger
3798534	379857500	3798534	KIT,TURBOCHARGER	Turbocharger
3798657	379865800	3798657	TURBOCHARGER.ID21.HX52W	Turbocharger
3798708	379870800	3798715	TURBOCHARGER	Turbocharger
3798845	379884500	N/A	ACTUATOR.TURBO.HX25W	Other Spare
3799105	379910500	3798715	KIT,TURBOCHARGER	Short Turbocharger
3799636	4033304	3799636	TURBOCHARGER ID21 HX50G	Turbocharger
3799872	378710200	3799872	TURBOCHARGER.ID21.HX50	Turbocharger
3800172	380017200	N/A	KIT,PDC BM ASSEMBLY	Kit
3800196	380019600	N/A	KIT,PDC PREPACK	Kit
3800266	380026600	N/A	KIT,PDC BM ASSEMBLY	Kit
3800279	380027900	N/A	KIT,PDC BM ASSEMBLY	Kit
3801523	380152300	N/A	KIT,TUR BEARING	Repair Kit
3802148	380214800	N/A	KIT,TUR REPAIR	Repair Kit
3802662	380266200	N/A	KIT,TUR REPAIR	Repair Kit
3802911	3539473	3539472	TURBOCHARGER ID21 H1C	Turbocharger
3803042	380304200	N/A	KIT,TUR SEAL	Repair Kit
3803743	380374300	N/A	KIT,TUR REPAIR	Repair Kit
3811555	3811555	N/A	CORE ASSEMBLY,HT3B	Core
3811556	381155600	N/A	CORE ASSEMBLY.HT3B	Core
3811569	381156900	N/A	CORE ASSEMBLY	Core
3899343	389934300	N/A	GASKET,TURBOCHARGER	Other Spare
3903112	390311200	N/A	SCREW,HEX FLANGE HEAD CAP	Other Spare
3903652	390365200	N/A	CLAMP,V BAND	Other Spare
3905216	390521600	N/A	CLAMP,V BAND	Other Spare
3911941	391194100	N/A	GASKET,TURBOCHARGER	Other Spare
3918340	391834000	N/A	GASKET,HYDRAULIC PUMP	Other Spare
3919687	391968700	N/A	CONNECTOR,FEMALE	Other Spare
3921926	392192600	N/A	GASKET,TURBOCHARGER	Other Spare
3921961	392196100	N/A	GASKET,EXH OUT CONNECTION	Other Spare
3922794	392279400	N/A	SEAL,O RING	Other Spare
3931338	393133800	N/A	GEAR, ACCESSORY DRIVE	Air Compressor
3932475	393247500	N/A	GASKET,TURBOCHARGER	Other Spare
3933846	393384600	N/A	VALVE,AIR CONTROL	VG Valve
3936995	393699500	N/A	GASKET,TURBOCHARGER	Other Spare
3937706	393770600	N/A	GASKET,OIL DRAIN	Other Spare
3965616	396561600	N/A	CLIP	Other Spare
4026884	402688400	N/A	GASKET,TURBOCHARGER	Other Spare
4027001	4027001	N/A	CORE ASSEMBLY,HX50	Core
4027002	4027002	N/A	CORE ASSEMBLY,HX40	Core
4027006	4027006	N/A	CORE ASSEMBLY,H2D	Core
4027011	402701100	N/A	CORE ASSEMBLY.HX40	Core
4027022	4027022	N/A	SLEEVE.SALVAGE	Other Spare
4027023	4027023	N/A	CORE ASSEMBLY,HX60	Core
4027026	4027026	N/A	CORE ASSEMBLY,HX40	Core
4027027	4027027	N/A	CORE ASSEMBLY,HX55	Core
4027041	4027041	N/A	CORE ASSEMBLY,WH2D	Core
4027044	4027044	N/A	CORE ASSEMBLY,HX40	Core
4027045	402704500	N/A	KIT,TUR REPAIR	Repair Kit
4027047	4027047	N/A	CORE ASSEMBLY,HX50	Core
4027049	4027049	N/A	CORE ASSEMBLY,H2C	Core
4027056	402705600	N/A	CORE ASSEMBLY	Core
4027062	4027062	N/A	CORE ASSEMBLY,HX40	Core
4027065	4027065	N/A	CORE ASSEMBLY,HX30	Core
4027072	4027072	N/A	CORE ASSEMBLY,HX50	Core
4027073	4027073	N/A	CORE ASSEMBLY,HX40	Core
4027086	4027086	N/A	CORE ASSEMBLY,HX35	Core
4027087	4027087	N/A	HOUSING,BEARING,HX55	Bearing Housing
4027094	402709400	N/A	CORE ASSEMBLY	Core
4027098	4027098	N/A	CORE ASSEMBLY,HX35	Core
4027099	4027099	N/A	CORE ASSEMBLY,HX35	Core
4027122	402712200	N/A	BRACKET,TURBOCHARGER	Actuator Kit
4027123	402712300	N/A	BRACKET,TURBOCHARGER	Actuator Kit
4027124	402712400	N/A	BRACKET,TURBOCHARGER	Actuator Kit
4027125	402712500	N/A	BRACKET,TURBOCHARGER	Actuator Kit
4027126	402712600	N/A	BRACKET,TURBOCHARGER	Actuator Kit
4027132	402713200	N/A	BRACKET,TURBOCHARGER	Actuator Kit
4027134	402713400	N/A	BRACKET,TURBOCHARGER	Actuator Kit
4027136	402713600	N/A	BRACKET,TURBOCHARGER	Actuator Kit
4027137	402713700	N/A	KIT, ACTUATOR.BRACKET.WH1E	Actuator Kit
4027141	402714100	N/A	BRACKET,TURBOCHARGER	Actuator Kit
4027142	402714200	N/A	BRACKET,TURBOCHARGER	Actuator Kit
4027149	402714900	N/A	BRACKET,TURBOCHARGER	Actuator Kit
4027150	402715000	N/A	BRACKET,ACTUATOR	Actuator Kit
4027151	4027151	N/A	KIT,REPAIR,BRACKET,WH1E	Actuator Kit
4027155	402715500	N/A	KIT,WASTEGATE ACTUATOR	Actuator Kit
4027206	4033719	4027206	TURBOCHARGER ID21 H2D	Turbocharger
4027207	4027207	N/A	CORE ASSEMBLY,HX35	Core
4027208	4027208	N/A	CORE ASSEMBLY,HX35	Core
4027209	4027209	N/A	CORE ASSEMBLY,HX35	Core
4027212	4027212	N/A	CORE ASSEMBLY,HX35W	Core
4027214	402721400	N/A	CORE ASSEMBLY.HX35	Core
4027215	4027215	N/A	CORE ASSEMBLY,HX50	Core
4027217	4027217	N/A	CORE ASSEMBLY,HX50	Core
4027218	4027218	N/A	CORE ASSEMBLY,HX50	Core
4027220	4027220	N/A	CORE ASSEMBLY,HX50	Core
4027225	402722500	N/A	CORE ASSEMBLY	Core
4027227	4027227	N/A	CORE ASSEMBLY,HX50	Core
4027228	402722800	N/A	CORE ASSEMBLY.HX50	Core
4027229	4027229	N/A	CORE ASSEMBLY,HX50	Core
4027230	4027230	N/A	CORE ASSEMBLY,HX50	Core
4027232	4027232	N/A	CORE ASSEMBLY,HX50	Core
4027236	4027236	N/A	CORE ASSEMBLY,HX50	Core
4027237	4027237	N/A	CORE ASSEMBLY,HX50	Core
4027238	4027238	N/A	CORE ASSEMBLY,HX50	Core
4027239	4027239	N/A	CORE ASSEMBLY,HX50	Core
4027240	4027240	N/A	CORE ASSEMBLY,HX50	Core
4027241	4027241	N/A	CORE ASSEMBLY,HX50	Core
4027243	4027243	N/A	CORE ASSEMBLY,HX50	Core
4027244	402724400	N/A	CORE ASSEMBLY.HX50	Core
4027245	4027245	N/A	CORE ASSEMBLY,HX55	Core
4027246	4027246	N/A	CORE ASSEMBLY,HX40	Core
4027247	4027247	N/A	CORE ASSEMBLY,HX40	Core
4027249	4027249	N/A	HOUSING,BEARING,HX35	Bearing Housing
4027250	4027250	N/A	CORE ASSEMBLY,HX35	Core
4027253	402725300	N/A	CORE ASSEMBLY	Core
4027254	402725400	N/A	CORE ASSEMBLY	Core
4027256	402725600	N/A	CORE ASSEMBLY	Core
4027257	402725700	N/A	CORE ASSEMBLY	Core
4027259	402725900	N/A	CORE ASSEMBLY	Core
4027260	402726000	N/A	CORE ASSEMBLY	Core
4027278	4027278	N/A	CORE ASSEMBLY,HX40	Core
4027281	4027281	N/A	CORE ASSEMBLY,HX40	Core
4027283	402728300	N/A	CORE ASSEMBLY	Core
4027284	4027284	N/A	CORE ASSEMBLY,HX40	Core
4027288	4027288	N/A	CORE ASSEMBLY,HX40	Core
4027290	4027290	N/A	CORE ASSEMBLY,HX40	Core
4027291	4027291	N/A	CORE ASSEMBLY,HX40	Core
4027293	4027293	N/A	CORE ASSEMBLY,HX40	Core
4027296	4027296	N/A	CORE ASSEMBLY,HX40	Core
4027298	4027298	N/A	CORE ASSEMBLY,HX40	Core
4027301	4027301	N/A	CORE ASSEMBLY,HX30	Core
4027306	4027306	N/A	CORE ASSEMBLY,HX40	Core
4027307	4027307	N/A	CORE ASSEMBLY,HX40	Core
4027308	4027308	N/A	CORE ASSEMBLY,HX40	Core
4027309	402730900	N/A	KIT,TUR REPAIR	Repair Kit
4027317	4027317	4027317	TURBOCHARGER.ID17.HX60	Turbocharger
4027320	4027320	N/A	IMPELLER,H1C	Compressor Wheel
4027331	4027331	N/A	CONJUNTO ROTATIVO HX35	Core
4027338	4027338	N/A	CORE ASSEMBLY,HX40	Core
4027339	402733900	N/A	KIT, ACTUATOR.BRACKET.HX40W	Actuator Kit
4027340	402734000	N/A	BRACKET,ACTUATOR	Actuator Kit
4027352	402735200	N/A	BRACKET,TURBOCHARGER	Actuator Kit
4027354	402735400	N/A	CORE ASSEMBLY	Core
4027367	402736700	N/A	KIT,TUR REPAIR	Repair Kit
4027371	4027371	N/A	CORE ASSEMBLY,H1E	Core
4027373	4033319	4027373	TURBOCHARGER ID21 HX50	Turbocharger
4027374	4027374	N/A	CORE ASSEMBLY,HX32W	Core
4027376	4027376	N/A	CORE ASSEMBLY,HX52	Core
4027379	4027379	N/A	CORE ASSEMBLY,HX35W	Core
4027388	4027388	N/A	CORE ASSEMBLY,H1E	Core
4027389	4027389	N/A	CORE ASSEMBLY,H1E	Core
4027396	4027396	N/A	CORE ASSEMBLY,HT60	Core
4027399	4027399	N/A	CORE ASSEMBLY,H1C	Core
4027400	4027400	N/A	CORE ASSEMBLY,H3B	Core
4027403	402740300	N/A	CORE ASSEMBLY	Core
4027410	4027410	N/A	CORE ASSEMBLY,HX35	Core
4027420	4027420	N/A	CORE ASSEMBLY,HX50	Core
4027436	4027436	N/A	CONJUNTO ROTATIVO	Core
4027437	4027437	N/A	CORE ASSEMBLY,HX60	Core
4027438	4027438	N/A	CORE ASSEMBLY,HT60	Core
4027442	402744200	N/A	KIT,ACTUATOR BRACKET	Actuator Kit
4027446	4027446	N/A	CORE ASSEMBLY,HX35W	Core
4027448	402744800	N/A	KIT,TUR REPAIR	Repair Kit
4027467	4027467	N/A	IMPELLER,H1C	Compressor Wheel
4027468	402746800	N/A	BRACKET,ACTUATOR	Actuator Kit
4027469	402746900	N/A	BRACKET,ACTUATOR	Actuator Kit
4027471	4027471	N/A	CORE ASSEMBLY,HX55W	Core
4027473	4027473	N/A	CORE ASSEMBLY,HX50	Core
4027487	4027487	N/A	CORE ASSEMBLY,HX50	Core
4027488	4027488	N/A	CONJUNTO ROTATIVO	Core
4027497	4027497	N/A	CORE ASSEMBLY,HX40	Core
4027508	4027508	N/A	HOUSING,BEARING,HX55	Bearing Housing
4027510	4027510	N/A	CORE ASSEMBLY,WH1E	Core
4027519	4027519	N/A	CORE ASSEMBLY,HX50W	Core
4027520	4027520	N/A	IMPELLER,HX40	Compressor Wheel
4027527	402752700	N/A	KIT,TUR REPAIR	Repair Kit
4027536	4027536	N/A	CORE ASSEMBLY,HX35W	Core
4027537	4027537	N/A	KIT,REPAIR,BRACKET,HX30W	Actuator Kit
4027543	4027543	4027543	TURBOCHARGER.ID17.HX40W	Turbocharger
4027554	402755400	N/A	KIT,VG BRG HSG SERVICE	Other Spare
4027556	402755600	N/A	KIT,VG TUR SPEED SENSOR	Speed Sensor Kit
4027559	4027559	N/A	KIT,REPAIR,SERVICE,T18A	Repair Kit
4027565	4033720	4027565	TURBOCHARGER ID21 H2D	Turbocharger
4027569	4027569	N/A	CORE ASSEMBLY,HX50M	Core
4027571	4027571	N/A	CORE ASSEMBLY,HX35	Core
4027572	4027572	N/A	CORE ASSEMBLY,HX40	Core
4027578	4027578	N/A	CORE ASSEMBLY,H2D	Core
4027579	4027579	N/A	CORE ASSEMBLY,H2D	Core
4027580	4027580	N/A	CORE ASSEMBLY,H2D	Core
4027581	4027581	N/A	CORE ASSEMBLY,HX35G	Core
4027597	4027597	N/A	CORE ASSEMBLY,HX50	Core
4027604	4027604	N/A	CORE ASSEMBLY,HX40W	Core
4027606	4027606	N/A	CORE ASSEMBLY,HX40	Core
4027609	4027609	N/A	CORE ASSEMBLY,HX40	Core
4027612	402761200	N/A	CORE ASSEMBLY	Core
4027623	4027623	4027623	TURBOCHARGER.ID17.HX50	Turbocharger
4027624	402762400	N/A	CORE ASSEMBLY	Core
4027627	4027627	N/A	KIT,REPAIR,SERVICE,HX40	Repair Kit
4027630	4027630	N/A	GASKET,OIL DRAIN	Other Spare
4027631	402763100	N/A	CORE ASSEMBLY.HX40W	Core
4027643	4027643	N/A	KIT,GASKET,HX40W	Kit
4027657	4027657	N/A	CORE ASSEMBLY,HX52	Core
4027659	4027659	N/A	CORE ASSEMBLY,HX40	Core
4027661	4027661	4027661	TURBOCHARGER.ID17.HX52	Turbocharger
4027663	4027663	N/A	CORE ASSEMBLY,HX50	Core
4027670	402767000	N/A	KIT,GASKET.	Kit
4027671	402767100	N/A	KIT,VG TUR SPEED SENSOR	Speed Sensor Kit
4027672	4027672	4027672	TURBOCHARGER.ID17.H2D	Turbocharger
4027673	4027673	N/A	HOUSING,BEARING,HX60,ASSY	Bearing Housing
4027674	4027674	N/A	CORE ASSEMBLY,HX60W	Core
4027675	4027675	N/A	KIT,REPAIR,SERVICE,HX50	Repair Kit
4027683	4033712	4027683	TURBOCHARGER ID21 H1E	Turbocharger
4027685	4027685	N/A	HOUSING,COMPRESSOR,HX50	Compressor Housing
4027693	4027693	N/A	CORE ASSEMBLY,H1E	Core
4027728	402772800	N/A	CORE ASSEMBLY.HX50	Core
4027738	4027738	N/A	KIT,REPAIR,SERVICE,K27	Repair Kit
4027741	4027741	N/A	NUT,LOCK	Other Spare
4027742	4027742	N/A	NUT,LOCK	Other Spare
4027746	402774600	N/A	HOUSING,TURBINE.H1E	Turbine Housing
4027747	4027747	N/A	CORE ASSEMBLY,HX35	Core
4027752	402775200	N/A	CORE ASSEMBLY.HX35	Core
4027757	4027757	N/A	KIT,GASKET,HX27W	Kit
4027762	4033190	4027762	TURBOCHARGER ID21 H1E	Turbocharger
4027763	402776300	N/A	KIT,TUR REPAIR	Repair Kit
4027776	4027776	N/A	HOUSING,BEARING,HX55	Bearing Housing
4027779	4027779	N/A	CORE ASSEMBLY,HX50	Core
4027780	4027780	N/A	KIT,REPAIR,BRACKET,HX55	Actuator Kit
4027781	402778100	N/A	KIT,REPAIR.BRACKET.WH1E	Repair Kit
4027788	4027788	N/A	CORE ASSEMBLY,HX52	Core
4027789	402778900	N/A	CORE ASSEMBLY	Core
4027794	4027794	N/A	CORE ASSEMBLY,HT60	Core
4027798	402779800	N/A	CORE ASSEMBLY.HY35W	Core
4027801	402780100	N/A	KIT,SCH REPAIR	Repair Kit
4027807	4027807	N/A	CORE ASSEMBLY,HX55W	Core
4027809	4027809	N/A	CORE ASSEMBLY,HX40W	Core
4027812	4027812	N/A	CORE ASSEMBLY.HY35W	Core
4027813	4027813	N/A	HOUSING,BEARING,HY35W,ASSY	Bearing Housing
4027815	4027815	N/A	KIT,REPAIR,BRACKET,HX60W	Actuator Kit
4027819	402781900	N/A	CORE ASSEMBLY	Core
4027825	4027825	N/A	CORE ASSEMBLY,HX35W	Core
4027837	4027837	N/A	CORE ASSEMBLY,HX50	Core
4027839	4027839	N/A	CORE ASSEMBLY,HX35	Core
4027840	4027840	N/A	CORE ASSEMBLY,HX55	Core
4027842	4027842	N/A	CORE ASSEMBLY,HX50	Core
4027843	4027843	N/A	CORE ASSEMBLY,HX35	Core
4027855	4027855	4027855	TURBOCHARGER.ID17.H1E	Turbocharger
4027864	4027864	N/A	CORE ASSEMBLY,HX35W	Core
4027867	402786700	N/A	CORE ASSEMBLY.HX50	Core
4027868	4027868	N/A	CONJUNTO ROTATIVO	Core
4027869	4027869	N/A	HOUSING,BEARING,HX40,ASSY	Bearing Housing
4027870	4027870	N/A	CORE ASSEMBLY,HX40	Core
4027871	4027871	N/A	CORE ASSEMBLY,HX40W	Core
4027872	4027872	N/A	HOUSING,BEARING,HX40	Bearing Housing
4027873	402787300	N/A	KIT,SCH REPAIR	Repair Kit
4027876	4027876	N/A	CORE ASSEMBLY,HX40W	Core
4027877	4027877	N/A	CORE ASSEMBLY,HX40W	Core
4027878	402787800	N/A	CORE ASSEMBLY.HX55	Core
4027880	402788000	N/A	KIT,TUR REPAIR	Repair Kit
4027881	402788100	N/A	KIT,TUR REPAIR	Repair Kit
4027882	4027882	N/A	HOUSING,BEARING,HX35W,ASSY	Bearing Housing
4027883	4027883	N/A	CORE ASSEMBLY,HX35W	Core
4027884	402788400	N/A	CORE ASSEMBLY	Core
4027888	4040281	4027888	TURBOCHARGER,ID21,HX40W	Turbocharger
4027894	4027894	N/A	CORE ASSEMBLY,HX55	Core
4027895	4027895	4027895	TURBOCHARGER.ID17.HX52	Turbocharger
4027897	4027897	N/A	HOUSING,TURBINE.	Turbine Housing
4027899	4027899	N/A	HOUSING,TURBINE.HX50	Turbine Housing
4027901	403106400	4027901	TURBOCHARGER,DEBRAND.ID21.HX55	Turbocharger
4027906	4027906	N/A	CORE ASSEMBLY,HX40	Core
4027909	4027909	N/A	CORE ASSEMBLY,HX55	Core
4027910	4027910	N/A	CORE ASSEMBLY,HX60	Core
4027923	4027923	N/A	CORE ASSEMBLY,HT4C	Core
4027924	4027924	N/A	CORE ASSEMBLY,BHT3B	Core
4027930	402793000	N/A	CORE ASSEMBLY	Core
4027932	402793200	N/A	CORE ASSEMBLY	Core
4027944	4027944	N/A	CORE ASSEMBLY,HX38G	Core
4027946	4027946	N/A	CORE ASSEMBLY,HX35W	Core
4027948	4027948	N/A	CONJUNTO ROTATIVO	Core
4027949	402794900	N/A	CORE ASSEMBLY	Core
4027956	4027956	N/A	CORE ASSEMBLY,HX40	Core
4027959	4033356	4027959	TURBOCHARGER ID21 HX50W	Turbocharger
4027960	4027960	N/A	CORE ASSEMBLY,HX50	Core
4027961	4027961	N/A	HOUSING,BEARING,HY35W	Bearing Housing
4027964	402796400	N/A	KIT,TUR REPAIR	Repair Kit
4027965	402796500	N/A	CORE ASSEMBLY.HY35W	Core
4027989	402798900	N/A	CORE ASSEMBLY.HY35W	Core
4029126	403386000	4029126	TURBOCHARGER.ID21.HX40W	Turbocharger
4029159	403329500	4029159	TURBO,CTT XREF ONLY	Turbocharger
4029491	402949100	N/A	CORE ASSEMBLY.HX40W	Core
4029701	402970100	N/A	KIT,WASTEGATE ACTUATOR	Actuator Kit
4029706	402970600	N/A	KIT,WASTEGATE ACTUATOR	Actuator Kit
4029707	402970700	N/A	KIT,WASTEGATE ACTUATOR	Actuator Kit
4029708	402970800	N/A	KIT,WASTEGATE ACTUATOR	Actuator Kit
4029709	402970900	N/A	KIT,WASTEGATE ACTUATOR	Actuator Kit
4029715	402971500	N/A	KIT,WASTEGATE ACTUATOR	Actuator Kit
4029731	402973100	N/A	KIT,WASTEGATE ACTUATOR	Actuator Kit
4029734	402973400	N/A	KIT,WASTEGATE ACTUATOR	Actuator Kit
4029737	402973700	N/A	KIT,WASTEGATE ACTUATOR	Actuator Kit
4029738	402973800	N/A	KIT,WASTEGATE ACTUATOR	Actuator Kit
4029752	402975200	N/A	KIT,WASTEGATE ACTUATOR	Actuator Kit
4029869	402986900	N/A	KIT,WASTEGATE ACTUATOR	Actuator Kit
4029878	4029878	N/A	KIT, ACTUATOR,PNEUMATIC,WH2D	Actuator Kit
4029893	402989300	N/A	KIT,WASTEGATE ACTUATOR	Actuator Kit
4029923	402992300	N/A	KIT,WASTEGATE ACTUATOR	Actuator Kit
4029950	402995000	N/A	BRACKET,ACTUATOR	Actuator Kit
4029951	402995100	N/A	BRACKET,ACTUATOR	Actuator Kit
4029952	402995200	N/A	BRACKET,ACTUATOR	Actuator Kit
4029958	4029958	N/A	KIT, ACTUATOR,PNEUMATIC,HX50W	Actuator Kit
4029967	4029967	N/A	KIT, ACTUATOR,PNEUMATIC,HX50W	Actuator Kit
4030000	403000000	N/A	KIT,WASTEGATE ACTUATOR	Actuator Kit
4030002	403000200	N/A	KIT,WASTEGATE ACTUATOR	Actuator Kit
4030006	403000600	N/A	KIT,WASTEGATE ACTUATOR	Actuator Kit
4030009	403000900	N/A	KIT,WASTEGATE ACTUATOR	Actuator Kit
4030010	403001000	N/A	KIT,WASTEGATE ACTUATOR	Actuator Kit
4030011	403001100	N/A	KIT,WASTEGATE ACTUATOR	Actuator Kit
4030012	403001200	N/A	KIT,WASTEGATE ACTUATOR	Actuator Kit
4030013	403001300	N/A	KIT,WASTEGATE ACTUATOR	Actuator Kit
4030014	403001400	N/A	KIT,WASTEGATE ACTUATOR	Actuator Kit
4030015	403001500	N/A	KIT,WASTEGATE ACTUATOR	Actuator Kit
4030016	403001600	N/A	KIT,WASTEGATE ACTUATOR	Actuator Kit
4030017	403001700	N/A	KIT,WASTEGATE ACTUATOR	Actuator Kit
4030018	403001800	N/A	KIT,WASTEGATE ACTUATOR	Actuator Kit
4030019	403001900	N/A	KIT,WASTEGATE ACTUATOR	Actuator Kit
4030020	403002000	N/A	KIT,WASTEGATE ACTUATOR	Actuator Kit
4030021	403002100	N/A	KIT,WASTEGATE ACTUATOR	Actuator Kit
4030022	403002200	N/A	KIT,WASTEGATE ACTUATOR	Actuator Kit
4030023	403002300	N/A	KIT, ACTUATOR.PNEUMATIC.HX40W	Actuator Kit
4030025	403002500	N/A	KIT,WASTEGATE ACTUATOR	Actuator Kit
4030026	403002600	N/A	KIT,WASTEGATE ACTUATOR	Actuator Kit
4030027	403002700	N/A	KIT,WASTEGATE ACTUATOR	Actuator Kit
4030029	403002900	N/A	KIT, ACTUATOR.PNEUMATIC.HX35W	Actuator Kit
4030030	403003000	N/A	KIT,WASTEGATE ACTUATOR	Actuator Kit
4030034	403003400	N/A	KIT,WASTEGATE ACTUATOR	Actuator Kit
4030036	403003600	N/A	KIT,WASTEGATE ACTUATOR	Actuator Kit
4030037	403003700	N/A	KIT,WASTEGATE ACTUATOR	Actuator Kit
4030039	403003900	N/A	KIT,WASTEGATE ACTUATOR	Actuator Kit
4030042	403004200	N/A	KIT,WASTEGATE ACTUATOR	Actuator Kit
4030043	403004300	N/A	KIT,WASTEGATE ACTUATOR	Actuator Kit
4030044	403004400	N/A	KIT,WASTEGATE ACTUATOR	Actuator Kit
4030045	403004500	N/A	KIT,WASTEGATE ACTUATOR	Actuator Kit
4030046	403004600	N/A	KIT,WASTEGATE ACTUATOR	Actuator Kit
4030047	403004700	N/A	KIT,WASTEGATE ACTUATOR	Actuator Kit
4030048	403004800	N/A	KIT,WASTEGATE ACTUATOR	Actuator Kit
4030049	403004900	N/A	KIT,WASTEGATE ACTUATOR	Actuator Kit
4030051	403005100	N/A	KIT,WASTEGATE ACTUATOR	Actuator Kit
4030052	403005200	N/A	KIT,WASTEGATE ACTUATOR	Actuator Kit
4030055	403005500	N/A	KIT,WASTEGATE ACTUATOR	Actuator Kit
4030056	403005600	N/A	KIT,WASTEGATE ACTUATOR	Actuator Kit
4030057	403005700	N/A	KIT,WASTEGATE ACTUATOR	Actuator Kit
4030058	403005800	N/A	KIT,WASTEGATE ACTUATOR	Actuator Kit
4030063	403006300	N/A	KIT,WASTEGATE ACTUATOR	Actuator Kit
4030064	403006400	N/A	KIT,WASTEGATE ACTUATOR	Actuator Kit
4030066	403006600	N/A	KIT,WASTEGATE ACTUATOR	Actuator Kit
4030067	403006700	N/A	KIT, ACTUATOR.PNEUMATIC.WH1C	Actuator Kit
4030069	403006900	N/A	KIT,WASTEGATE ACTUATOR	Actuator Kit
4030073	403007300	N/A	KIT,WASTEGATE ACTUATOR	Actuator Kit
4030074	403007400	N/A	KIT,WASTEGATE ACTUATOR	Actuator Kit
4030075	403007500	N/A	KIT,WASTEGATE ACTUATOR	Actuator Kit
4030076	403007600	N/A	KIT,WASTEGATE ACTUATOR	Actuator Kit
4030077	403007700	N/A	KIT,WASTEGATE ACTUATOR	Actuator Kit
4030079	403007900	N/A	KIT,WASTEGATE ACTUATOR	Actuator Kit
4030080	403008000	N/A	KIT,WASTEGATE ACTUATOR	Actuator Kit
4030082	403008200	N/A	KIT,WASTEGATE ACTUATOR	Actuator Kit
4030084	403008400	N/A	KIT,WASTEGATE ACTUATOR	Actuator Kit
4030085	403008500	N/A	KIT,WASTEGATE ACTUATOR	Actuator Kit
4030087	403008700	N/A	KIT,WASTEGATE ACTUATOR	Actuator Kit
4030088	403008800	N/A	KIT,WASTEGATE ACTUATOR	Actuator Kit
4030089	403008900	N/A	KIT,WASTEGATE ACTUATOR	Actuator Kit
4030091	403009100	N/A	KIT,WASTEGATE ACTUATOR	Actuator Kit
4030093	403009300	N/A	KIT,WASTEGATE ACTUATOR	Actuator Kit
4030094	403009400	N/A	KIT,WASTEGATE ACTUATOR	Actuator Kit
4030095	403009500	N/A	KIT,WASTEGATE ACTUATOR	Actuator Kit
4030096	403009600	N/A	KIT,WASTEGATE ACTUATOR	Actuator Kit
4030097	403009700	N/A	KIT,WASTEGATE ACTUATOR	Actuator Kit
4030101	403010100	N/A	KIT,WASTEGATE ACTUATOR	Actuator Kit
4030102	403010200	N/A	KIT,WASTEGATE ACTUATOR	Actuator Kit
4030105	403010500	N/A	KIT,WASTEGATE ACTUATOR	Actuator Kit
4030107	403010700	N/A	KIT,WASTEGATE ACTUATOR	Actuator Kit
4030108	403010800	N/A	KIT,WASTEGATE ACTUATOR	Actuator Kit
4030110	403011000	N/A	KIT,WASTEGATE ACTUATOR	Actuator Kit
4030111	4030111	N/A	KIT, ACTUATOR,PNEUMATIC,WH1E	Actuator Kit
4030116	4030116	N/A	KIT, ACTUATOR,PNEUMATIC,HX40W	Actuator Kit
4030117	4030117	N/A	KIT, ACTUATOR,PNEUMATIC,HX40W	Actuator Kit
4030118	403011800	N/A	KIT,WASTEGATE ACTUATOR	Actuator Kit
4030119	403011900	N/A	KIT,WASTEGATE ACTUATOR	Actuator Kit
4030120	403012000	N/A	KIT,WASTEGATE ACTUATOR	Actuator Kit
4030121	403012100	N/A	KIT,WASTEGATE ACTUATOR	Actuator Kit
4030122	403012200	N/A	KIT,WASTEGATE ACTUATOR	Actuator Kit
4030123	403012300	N/A	KIT, ACTUATOR.PNEUMATIC.HX40W	Actuator Kit
4030124	403012400	N/A	KIT, ACTUATOR.PNEUMATIC.HX40W	Actuator Kit
4030125	403012500	N/A	KIT,WASTEGATE ACTUATOR	Actuator Kit
4030132	403013200	N/A	KIT,WASTEGATE ACTUATOR	Actuator Kit
4030135	403013500	N/A	KIT,WASTEGATE ACTUATOR	Actuator Kit
4030136	403013600	N/A	KIT,WASTEGATE ACTUATOR	Actuator Kit
4030138	403013800	N/A	KIT,WASTEGATE ACTUATOR	Actuator Kit
4030145	403014500	N/A	KIT,WASTEGATE ACTUATOR	Actuator Kit
4030147	403014700	N/A	KIT,WASTEGATE ACTUATOR	Actuator Kit
4030160	4030160	N/A	KIT, ACTUATOR,PNEUMATIC,HX40W	Actuator Kit
4030162	403016200	N/A	KIT,WASTEGATE ACTUATOR	Actuator Kit
4030163	403016300	N/A	KIT,WASTEGATE ACTUATOR	Actuator Kit
4030164	403016400	N/A	KIT,WASTEGATE ACTUATOR	Actuator Kit
4030166	4030166	N/A	KIT, ACTUATOR,PNEUMATIC,HX35W	Actuator Kit
4030170	4030170	N/A	KIT, ACTUATOR,PNEUMATIC,HX40W	Actuator Kit
4030171	4030171	N/A	KIT, ACTUATOR,PNEUMATIC,HX40W	Actuator Kit
4030172	403017200	N/A	KIT,WASTEGATE ACTUATOR	Actuator Kit
4030173	403017300	N/A	KIT,WASTEGATE ACTUATOR	Actuator Kit
4030179	403017900	N/A	KIT,WASTEGATE ACTUATOR	Actuator Kit
4030184	403018400	N/A	KIT,WASTEGATE ACTUATOR	Actuator Kit
4030185	403018500	N/A	KIT,WASTEGATE ACTUATOR	Actuator Kit
4030187	403018700	N/A	KIT,WASTEGATE ACTUATOR	Actuator Kit
4030189	403018900	N/A	KIT,WASTEGATE ACTUATOR	Actuator Kit
4030190	403019000	N/A	KIT,WASTEGATE ACTUATOR	Actuator Kit
4030191	4030191	N/A	KIT, ACTUATOR,PNEUMATIC,HX60W	Actuator Kit
4030192	403019200	N/A	KIT,WASTEGATE ACTUATOR	Actuator Kit
4030193	403019300	N/A	KIT,WASTEGATE ACTUATOR	Actuator Kit
4030195	403019500	N/A	KIT,WASTEGATE ACTUATOR	Actuator Kit
4030196	403019600	N/A	KIT,WASTEGATE ACTUATOR	Actuator Kit
4030197	403019700	N/A	KIT,WASTEGATE ACTUATOR	Actuator Kit
4030198	403019800	N/A	KIT,WASTEGATE ACTUATOR	Actuator Kit
4030199	403019900	N/A	KIT,WASTEGATE ACTUATOR	Actuator Kit
4030200	403020000	N/A	KIT,WASTEGATE ACTUATOR	Actuator Kit
4030203	403020300	N/A	KIT,WASTEGATE ACTUATOR	Actuator Kit
4030204	403020400	N/A	KIT,WASTEGATE ACTUATOR	Actuator Kit
4030205	403020500	N/A	KIT,WASTEGATE ACTUATOR	Actuator Kit
4030207	403020700	N/A	KIT,WASTEGATE ACTUATOR	Actuator Kit
4030208	403020800	N/A	KIT,WASTEGATE ACTUATOR	Actuator Kit
4030209	403020900	N/A	KIT,WASTEGATE ACTUATOR	Actuator Kit
4030211	403021100	N/A	KIT,WASTEGATE ACTUATOR	Actuator Kit
4030213	403021300	N/A	KIT,WASTEGATE ACTUATOR	Actuator Kit
4030217	403021700	N/A	KIT,WASTEGATE ACTUATOR	Actuator Kit
4030223	403022300	N/A	KIT,WASTEGATE ACTUATOR	Actuator Kit
4030224	403022400	N/A	KIT,WASTEGATE ACTUATOR	Actuator Kit
4030225	403022500	N/A	KIT,WASTEGATE ACTUATOR	Actuator Kit
4030227	403022700	N/A	KIT,WASTEGATE ACTUATOR	Actuator Kit
4030228	403022800	N/A	KIT, ACTUATOR.PNEUMATIC.HX60W	Actuator Kit
4030229	403022900	N/A	KIT, ACTUATOR.PNEUMATIC.HX60W	Actuator Kit
4030232	403023200	N/A	KIT,WASTEGATE ACTUATOR	Actuator Kit
4030235	4030235	N/A	KIT, ACTUATOR,PNEUMATIC,HX40W	Actuator Kit
4030236	4030236	N/A	KIT, ACTUATOR,PNEUMATIC,HX35W	Actuator Kit
4030238	4030238	N/A	KIT, ACTUATOR,PNEUMATIC,HX35W	Actuator Kit
4030240	4030240	N/A	KIT, ACTUATOR,PNEUMATIC,HX35W	Actuator Kit
4030241	4030241	N/A	KIT, ACTUATOR,PNEUMATIC,HX35W	Actuator Kit
4030246	4030246	N/A	KIT, ACTUATOR,PNEUMATIC,HX40W	Actuator Kit
4030255	4030255	N/A	KIT, ACTUATOR,PNEUMATIC,HX40W	Actuator Kit
4030256	403025600	N/A	KIT,WASTEGATE ACTUATOR	Actuator Kit
4030258	4030258	N/A	KIT, ACTUATOR,PNEUMATIC,HX40W	Actuator Kit
4030259	4030259	N/A	KIT, ACTUATOR,PNEUMATIC,HX35W	Actuator Kit
4030260	403026000	N/A	KIT,VG TUR ACTUATOR	Actuator Kit
4030262	4030262	N/A	KIT, ACTUATOR,PNEUMATIC,WH1C	Actuator Kit
4030269	4030269	N/A	KIT, ACTUATOR,PNEUMATIC,HX40W	Actuator Kit
4030270	403027000	N/A	KIT,VG TUR ACTUATOR	Actuator Kit
4030273	403027300	N/A	KIT,VG TUR ACTUATOR	Actuator Kit
4030277	403027700	N/A	KIT,WASTEGATE ACTUATOR	Actuator Kit
4030279	403027900	N/A	KIT,WASTEGATE ACTUATOR	Actuator Kit
4030283	403028300	N/A	KIT,WASTEGATE ACTUATOR	Actuator Kit
4030284	403028400	N/A	KIT,WASTEGATE ACTUATOR	Actuator Kit
4030291	403029100	N/A	KIT,WASTEGATE ACTUATOR	Actuator Kit
4030294	403029400	N/A	KIT,WASTEGATE ACTUATOR	Actuator Kit
4030295	403029500	N/A	KIT,WASTEGATE ACTUATOR	Actuator Kit
4030299	403029900	N/A	ACTUATOR,TURBOCHARGER	Actuator Kit
4030302	403030200	N/A	KIT,REPAIR.TURBINE ASSY.WH1E	Repair Kit
4030303	403030300	N/A	HOUSING,TURBINE.	Turbine Housing
4030305	403030500	N/A	HOUSING,TURBINE.	Turbine Housing
4030307	403030700	N/A	HOUSING,TURBINE.HX40W.ASSY	Turbine Housing
4030341	403034100	N/A	HOUSING,TURBINE.	Turbine Housing
4030344	403034400	N/A	HOUSING,TURBINE.ASSY	Turbine Housing
4030354	403035400	N/A	KIT,REPAIR.TURBINE ASSY.HX40W	Repair Kit
4030374	403037400	N/A	HOUSING,TURBINE.HX40W.ASSY	Turbine Housing
4030388	403038800	N/A	KIT,REPAIR.TURBINE ASSY.HX30W	Repair Kit
4030390	403039000	N/A	KIT,WASTEGATE ACTUATOR	Repair Kit
4030394	4030394	N/A	HOUSING,TURBINE.	Turbine Housing
4030456	403045600	N/A	KIT,REPAIR.TURBINE ASSY.HX35W	Repair Kit
4030458	403045800	N/A	KIT,REPAIR.TURBINE ASSY.HX35W	Repair Kit
4030470	403047000	N/A	HOUSING,TURBINE.	Turbine Housing
4030486	403048600	N/A	HOUSING,TURBINE.HX40W.ASSY	Turbine Housing
4030507	4030507	N/A	HOUSING,TURBINE.WH1E.SUB-ASSY	Turbine Housing
4030517	403051700	N/A	HOUSING,TURBINE.ASSY	Turbine Housing
4030523	403052300	N/A	KIT,WASTEGATE ACTUATOR	Turbine Housing Kit
4030537	403053700	N/A	KIT,WASTEGATE ACTUATOR	Turbine Housing
4030568	4030568	N/A	KIT,REPAIR.TURBINE ASSY.HX60W	Repair Kit
4030574	403057400	N/A	KIT,WASTEGATE ACTUATOR	Actuator Kit
4030575	403057500	N/A	KIT,WASTEGATE ACTUATOR	Actuator Kit
4030603	403060300	N/A	HOUSING,TURBINE.HX55W.ASSY	Turbine Housing
4030665	4030665	N/A	KIT,REPAIR.TURBINE ASSY.HX35W	Repair Kit
4030685	4030685	N/A	HOUSING,TURBINE.HX40W.SUB ASSY	Turbine Housing
4030686	4030686	N/A	KIT,REPAIR.TURBINE ASSY.HX40W	Repair Kit
4030701	403070100	N/A	KIT,VG ACTUATOR SERVICE	Actuator Kit
4030705	4030705	N/A	HOUSING,TURBINE.HX30W.ASSEMBLY	Turbine Housing
4030715	4030715	N/A	KIT, ACTUATOR,PNEUMATIC,HX55W	Actuator Kit
4030720	403072000	N/A	KIT,WASTEGATE ACTUATOR	Actuator Kit
4030724	403072400	N/A	KIT,WASTEGATE ACTUATOR	Actuator Kit
4030725	403072500	N/A	KIT,ACTUATOR BRACKET	Actuator Kit
4030735	4030735	N/A	KIT, ACTUATOR,PNEUMATIC,HX40W	Actuator Kit
4030736	4030736	N/A	KIT, ACTUATOR,PNEUMATIC,HX40W	Actuator Kit
4030747	403074700	N/A	KIT,VG TUR ACTUATOR	Actuator Kit
4030757	4030757	N/A	KIT, ACTUATOR,PNEUMATIC,HX25W	Actuator Kit
4030763	4030763	N/A	KIT, ACTUATOR,PNEUMATIC,HX38G	Actuator Kit
4030767	4030767	N/A	KIT, ACTUATOR,PNEUMATIC,HX40W	Actuator Kit
4030775	403077500	N/A	KIT,WASTEGATE ACTUATOR	Actuator Kit
4030776	403077600	N/A	KIT, ACTUATOR.PNEUMATIC.HY35W	Actuator Kit
4030778	403077800	N/A	KIT,WASTEGATE ACTUATOR	Actuator Kit
4030780	403078000	N/A	KIT,WASTEGATE ACTUATOR	Actuator Kit
4030782	403078200	N/A	KIT, ACTUATOR.PNEUMATIC.HX40W	Actuator Kit
4030784	403078400	N/A	KIT,WASTEGATE ACTUATOR	Actuator Kit
4030786	403078600	N/A	KIT,WASTEGATE ACTUATOR	Actuator Kit
4030789	403078900	N/A	KIT,WASTEGATE ACTUATOR	Actuator Kit
4030793	403079300	N/A	KIT, ACTUATOR.PNEUMATIC.HX40W	Actuator Kit
4030794	403079400	N/A	KIT,WASTEGATE ACTUATOR	Actuator Kit
4030798	4030798	N/A	HOUSING,BEARING,HX32W	Bearing Housing
4030799	4030799	N/A	HOUSING,BEARING,HX30,ASSY	Bearing Housing
4030801	4030801	N/A	HOUSING,BEARING,HX30	Bearing Housing
4030803	4030803	N/A	HOUSING,BEARING,HX30,ASSY	Bearing Housing
4030804	4030804	N/A	CORE ASSEMBLY,HX35	Core
4030806	4030806	N/A	CORE ASSEMBLY,HX30W	Core
4030819	4030819	N/A	CORE ASSEMBLY,HE551W	Core
4030820	4030820	N/A	KIT, ACTUATOR,PNEUMATIC,HE551W	Actuator Kit
4030821	403082100	N/A	KIT,TUR REPAIR	Repair Kit
4030827	403082700	N/A	KIT, ACTUATOR.PNEUMATIC.HE221W	Actuator Kit
4030831	403083100	N/A	KIT,ACTUATOR BRACKET	Actuator Kit
4030833	403083300	N/A	KIT,VG ACTUATOR FITTING	Actuator Kit
4030834	4030834	N/A	KIT, ACTUATOR,PNEUMATIC,HX55W	Actuator Kit
4030835	403083500	N/A	KIT, ACTUATOR.PNEUMATIC.HX55W	Actuator Kit
4030839	4030839	N/A	KIT, ACTUATOR,PNEUMATIC,HE551W	Actuator Kit
4030845	403084500	N/A	KIT, ACTUATOR.PNEUMATIC.HE551W	Actuator Kit
4030847	403084700	N/A	KIT, ACTUATOR.PNEUMATIC.HE221W	Actuator Kit
4030855	4030855	N/A	KIT,REPAIR,SERVICE,HY55V	Repair Kit
4030858	403085800	N/A	KIT,VG TUR ACTUATOR	Actuator Kit
4030861	403086100	N/A	KIT, ACTUATOR.PNEUMATIC.HX40W	Actuator Kit
4030864	403086400	N/A	KIT, ACTUATOR.BRACKET.HX35W	Actuator Kit
4030865	403086500	N/A	KIT,ACTUATOR BRACKET	Actuator Kit
4030868	403086800	N/A	CORE ASSEMBLY	Core
4030870	403087000	N/A	KIT, ACTUATOR.PNEUMATIC.HX40W	Actuator Kit
4030871	4030871	N/A	CORE ASSEMBLY,HX35W	Core
4030873	4030873	N/A	CORE ASSEMBLY,HX35W	Core
4030874	4030874	N/A	CORE ASSEMBLY,HX40	Core
4030876	4030876	N/A	CORE ASSEMBLY,HX60	Core
4030882	4030882	N/A	CORE ASSEMBLY,HX40	Core
4030884	4030884	N/A	CORE ASSEMBLY,HX40	Core
4030885	4030885	N/A	CORE ASSEMBLY,HX40W	Core
4030891	4030891	N/A	CORE ASSEMBLY,HX35	Core
4030892	403089200	N/A	KIT,WASTEGATE ACTUATOR	Actuator Kit
4030893	403089300	N/A	CORE ASSEMBLY	Core
4030895	4030895	N/A	CORE ASSEMBLY,HX40	Core
4030896	403089600	N/A	CORE ASSEMBLY.HX40	Core
4030897	4030897	N/A	CORE ASSEMBLY,HX40	Core
4030898	403089800	N/A	KIT, ACTUATOR.BRACKET.HX40W	Actuator Kit
4030911	4030911	N/A	CORE ASSEMBLY,HX40	Core
4030912	403091200	N/A	CORE ASSEMBLY	Core
4030913	4030913	N/A	CORE ASSEMBLY,HX40W	Core
4030914	403091400	N/A	KIT,VG ACTUATOR SERVICE	Actuator Kit
4030915	403091500	N/A	KIT,VG ACTUATOR SERVICE	Actuator Kit
4030916	403091600	N/A	KIT,VG ACTUATOR SERVICE	Actuator Kit
4030917	403091700	N/A	KIT,VG ACTUATOR SERVICE	Actuator Kit
4030922	403092200	N/A	CORE ASSEMBLY.HX40	Core
4030923	403092300	N/A	KIT,VG TUR ACTUATOR	Actuator Kit
4030929	4030929	N/A	CORE ASSEMBLY,HX55WM	Core
4030930	403093000	N/A	KIT,VG ACTUATOR SERVICE	Actuator Kit
4030932	4030932	N/A	CORE ASSEMBLY,HE551	Core
4030933	4030933	N/A	CORE ASSEMBLY,HY35	Core
4030935	403093500	N/A	KIT,WASTEGATE ACTUATOR	Actuator Kit
4030945	403094500	N/A	KIT,VG TUR ACT SERVICE	Actuator Kit
4030946	4030946	N/A	KIT,REPAIR,BRACKET,HX35G	Actuator Kit
4030947	4030947	N/A	CORE ASSEMBLY,HX40W	Core
4030951	4030951	N/A	CORE ASSEMBLY,HE551M	Core
4030952	4030952	N/A	KIT,REPAIR,SERVICE,HX55	Repair Kit
4030959	4030959	N/A	KIT, ACTUATOR,PNEUMATIC,WH1E	Actuator Kit
4030963	4030963	N/A	KIT, ACTUATOR,PNEUMATIC,HX30W	Actuator Kit
4030967	403096700	N/A	KIT,VG TUR ACTUATOR	Actuator Kit
4030987	4030987	N/A	KIT, ACTUATOR,PNEUMATIC,HX40W	Actuator Kit
4031168	403116800	5322500	TURBOCHARGER,DEBRAND.HX55	Turbocharger
4031303	4031303	N/A	CORE ASSEMBLY,HX32	Core
4031315	403131500	N/A	KIT,WASTEGATE ACTUATOR	Actuator Kit
4031321	4031321	N/A	CORE ASSEMBLY,HX40	Core
4031322	403132200	N/A	KIT,WASTEGATE ACTUATOR	Actuator Kit
4031326	4031326	N/A	CORE ASSEMBLY,HX40W	Core
4031327	403132700	N/A	KIT,WASTEGATE ACTUATOR	Actuator Kit
4031337	403133700	N/A	ACTUATOR,TURBOCHARGER	Actuator Kit
4031340	4031340	N/A	CORE ASSEMBLY,HX55	Core
4031341	4031341	N/A	CORE ASSEMBLY,HX55	Core
4031343	4031343	N/A	CORE ASSEMBLY,HX52	Core
4031345	4031345	N/A	CORE ASSEMBLY,HX55	Core
4031346	4031346	N/A	HOUSING,BEARING,HX30W,ASSY	Bearing Housing
4031348	403134800	N/A	CORE ASSEMBLY.HX30	Core
4031349	4031349	N/A	CORE ASSEMBLY,HX35G	Core
4031350	4031350	N/A	CORE ASSEMBLY,HX52	Core
4031358	4031358	N/A	CORE ASSEMBLY,HX40	Core
4031360	4031360	N/A	CORE ASSEMBLY,HX40W	Core
4031365	403136500	N/A	KIT,MOUNTING	Actuator Kit
4031367	403136700	N/A	KIT, ACTUATOR.FITTING.HE431VE	Actuator Kit
4031368	4031368	N/A	CORE ASSEMBLY,HX50	Core
4031373	403137300	N/A	GREASE	Other Spare
4031376	4031376	4031376	TURBOCHARGER.ID17.HX50	Turbocharger
4031377	403137700	N/A	KIT,WASTEGATE ACTUATOR	Actuator Kit
4031381	403138100	N/A	KIT,WASTEGATE ACTUATOR	Actuator Kit
4031384	403138400	N/A	CORE ASSEMBLY.H1E	Core
4031388	4031388	N/A	CORE ASSEMBLY,HX35	Core
4031397	4031397	N/A	CORE ASSEMBLY.HX35	Core
4031399	4031399	N/A	CORE ASSEMBLY,HX35	Core
4031406	4031406	N/A	CORE ASSEMBLY,HX50W	Core
4031407	4031407	N/A	CORE ASSEMBLY,HX55	Core
4031409	403140900	N/A	CORE ASSEMBLY	Core
4031410	403141000	N/A	CORE ASSEMBLY.HX55WM	Core
4031411	403141100	N/A	CORE ASSEMBLY	Core
4031412	403141200	N/A	KIT,WASTEGATE ACTUATOR	Actuator Kit
4031414	4033713	4031414	TURBOCHARGER ID21 HX50	Turbocharger
4031420	403142000	N/A	KIT, ACTUATOR.BRACKET.HX55W	Actuator Kit
4031422	4031422	N/A	CORE ASSEMBLY,HX40	Core
4031430	403143000	N/A	HOUSING,BEARING.HX35W ASSY	Bearing Housing
4031435	403143500	N/A	KIT,WASTEGATE ACTUATOR	Actuator Kit
4031437	4031437	N/A	CORE ASSEMBLY,HX55	Core
4031440	4031440	N/A	KIT,REPAIR,SERVICE,HY40V	Repair Kit
4031444	403144400	N/A	CORE ASSEMBLY.HX55	Core
4031450	403366600	4031450	TURBO,CTT XREF ONLY	Turbocharger
4031455	4031455	N/A	KIT,REPAIR,SERVICE,HY55V	Repair Kit
4031461	4031461	N/A	KIT, ACTUATOR,PNEUMATIC,HY55V	Actuator Kit
4031476	4031476	N/A	CORE ASSEMBLY,HX40W	Core
4031477	4031477	4031477	TURBOCHARGER.ID17.H2C	Turbocharger
4031479	4031479	N/A	HOUSING,BEARING,HX55	Bearing Housing
4031484	403148400	N/A	KIT,TUR REPAIR	Repair Kit
4031485	403148500	N/A	CORE ASSEMBLY.HY35W	Core
4031486	4031486	N/A	HOUSING,BEARING,HY35W	Bearing Housing
4031488	403148800	N/A	KIT,WASTEGATE ACTUATOR	Actuator Kit
4031501	4031505	4031501	TURBOCHARGER,ID21,HX35	Turbocharger
4031507	403150900	4031507	TURBOCHARGER	Turbocharger
4031528	403152900	4031528	TURBOCHARGER.ID21.HX35W	Turbocharger
4031532	4033942	4031532	TURBOCHARGER.ID21.HX40W	Turbocharger
4031539	403153900	N/A	CORE ASSEMBLY.HX40W	Core
4031629	378659100	4031629	TURBOCHARGER.ID21.HX25	Turbocharger
4031634	403166700	4031634	TURBOCHARGER	Turbocharger
4031636	403377500	4031636	TURBOCHARGER.ID21.HX25W	Turbocharger
4031656	403165800	4031656	TURBOCHARGER.ID21.HX35W	Turbocharger
4032004	4032004	N/A	KIT, ACTUATOR.PNEUMATIC.HX40W	Actuator Kit
4032006	403200600	N/A	KIT, ACTUATOR.PNEUMATIC.HX35W	Actuator Kit
4032009	4032009	N/A	KIT, ACTUATOR,PNEUMATIC,HX27W	Actuator Kit
4032029	4032029	N/A	KIT, ACTUATOR,PNEUMATIC,HX50W	Actuator Kit
4032032	4032032	N/A	HOUSING,BEARING,HX35 ASSY	Bearing Housing
4032035	4032035	N/A	CORE ASSEMBLY,HX35W	Core
4032039	4032039	4032039	TURBOCHARGER.ID17.HX50	Turbocharger
4032040	4033683	4032040	TURBOCHARGER ID21 HX40W	Turbocharger
4032041	4032041	N/A	CORE ASSEMBLY,HX55	Core
4032042	4032042	N/A	CORE ASSEMBLY,HX40	Core
4032045	403204500	N/A	KIT, ACTUATOR.PNEUMATIC.HX40W	Actuator Kit
4032046	403204600	N/A	KIT,WASTEGATE ACTUATOR	Actuator Kit
4032047	403204700	N/A	KIT, ACTUATOR.PNEUMATIC.HX35W	Actuator Kit
4032051	4032051	N/A	KIT,REPAIR,SERVICE,HX40W	Repair Kit
4032058	4032031	4032058	TURBOCHARGER ID21 HX35W	Turbocharger
4032059	403205900	N/A	CORE ASSEMBLY.HY35W	Core
4032068	403206800	N/A	KIT,VG TUR SPEED SENSOR	Speed Sensor Kit
4032075	403207500	N/A	KIT,VG TUR ACT SERVICE	Actuator Kit
4032076	4032076	4032076	TURBOCHARGER.ID17.H3B	Turbocharger
4032077	4032077	N/A	KIT,REPAIR.V BAND CLAMP.HX55	Repair Kit
4032093	4032093	N/A	CORE ASSEMBLY,HX55	Core
4032095	403209500	N/A	CORE ASSEMBLY.HE551	Core
4032102	403210200	N/A	CORE ASSEMBLY.HX35	Core
4032103	403210300	N/A	CORE ASSEMBLY.HX35	Core
4032106	4033188	4032106	TURBOCHARGER ID21 HX50	Turbocharger
4032107	403391100	4032107	TURBOCHARGER.ID21.HX40G	Turbocharger
4032108	403390100	4032108	TURBOCHARGER.ID21.HX40G	Turbocharger
4032127	4033189	4032127	TURBOCHARGER ID21 HX40	Turbocharger
4032129	4032129	N/A	KIT,REPAIR,SERVICE,HX35	Repair Kit
4032133	4032133	N/A	CORE ASSEMBLY,HX55WM	Core
4032143	4032143	N/A	CORE ASSEMBLY,HX50	Core
4032147	4032147	N/A	CORE ASSEMBLY,HX40W	Core
4032158	4032158	4032158	TURBOCHARGER.ID17.HC5A	Turbocharger
4032165	4032165	N/A	KIT, ACTUATOR,MOUNTING,HE551	Actuator Kit
4032167	4033570	4032167	TURBOCHARGER ID21 HX40	Turbocharger
4032170	403217000	N/A	KIT, ACTUATOR.ELECTRIC.HE431VE	Actuator Kit
4032198	4032198	N/A	CORE ASSEMBLY,HE551	Core
4032219	4032219	N/A	KIT, ACTUATOR,PNEUMATIC,HX50W	Actuator Kit
4032239	403223900	N/A	CORE ASSEMBLY	Core
4032240	4032240	N/A	KIT,REPAIR,SERVICE,HE431V	Repair Kit
4032242	4032242	N/A	CORE ASSEMBLY,HY35W	Core
4032255	4032255	N/A	KIT,REPAIR,SERVICE,HE551V	Repair Kit
4032259	4032259	N/A	KIT, ACTUATOR,WASTEGATE,HX40W	Actuator Kit
4032262	4032262	N/A	KIT, ACTUATOR,PNEUMATIC,HX40W	Actuator Kit
4032265	403226500	N/A	KIT, ACTUATOR.PNEUMATIC.HX40W	Actuator Kit
4032277	4032277	N/A	KIT, ACTUATOR,PNEUMATIC,HE221W	Actuator Kit
4032284	4032284	N/A	KIT, ACTUATOR,PNEUMATIC,HY35W	Actuator Kit
4032292	4032292	N/A	KIT, ACTUATOR,PNEUMATIC,HX35W	Actuator Kit
4032295	4032295	N/A	KIT, ACTUATOR,PNEUMATIC,HY35W	Actuator Kit
4032298	403229800	N/A	CORE ASSEMBLY.HX55	Core
4032302	4032302	N/A	CORE ASSEMBLY,HX40W	Core
4032304	403230400	N/A	KIT, ACTUATOR.PNEUMATIC.HX60W	Actuator Kit
4032305	403230500	N/A	KIT, ACTUATOR.PNEUMATIC.HX60W	Actuator Kit
4032306	403230600	N/A	KIT,VG TUR ACT SERVICE	Actuator Kit
4032315	403231500	N/A	KIT,SPEED SENSOR	Speed Sensor Kit
4032332	403233200	N/A	CORE ASSEMBLY.HX52	Core
4032333	284091100	4032333	TURBOCHARGER,HBT 44	Turbocharger
4032339	4033730	4032339	TURBOCHARGER ID21 HX40W	Turbocharger
4032347	4032347	N/A	CORE ASSEMBLY,HE351CW	Core
4032358	4032358	N/A	ROTOR, TURBOCHARGER.ASSY.HX35	Other Spare
4032376	4032376	N/A	KIT,REPAIR,BRACKET,WH1E	Actuator Kit
4032379	4032379	N/A	BRACKET,	Actuator Kit
4032381	403238100	N/A	CORE ASSEMBLY.HX55WM	Core
4032382	4032382	N/A	CORE ASSEMBLY,HX52W	Core
4032389	403238900	N/A	CORE ASSEMBLY.HX35	Core
4032392	4033575	4032392	TURBOCHARGER ID21 HX40	Turbocharger
4032516	403251600	N/A	KIT,TURBOCHARGER GASKET	Kit
4032518	403251800	N/A	KIT,TURBOCHARGER GASKET	Kit
4032533	403253300	N/A	KIT,TUR MOUNTING	Kit
4032553	403255300	N/A	KIT,TURBOCHARGER GASKET	Kit
4032568	403256800	N/A	KIT,GASKET.HE351Ve	Kit
4032568	403256800	N/A	KIT,GASKET.HE351Ve	Kit
4032576	4032576	N/A	KIT,GASKET,HE551V	Kit
4032585	403258500	N/A	KIT,TURBOCHARGER GASKET	Kit
4032596	403259600	N/A	KIT,TURBOCHARGER GASKET	Kit
4032597	403259700	N/A	KIT,TURBOCHARGER GASKET	Kit
4032664	4032664	N/A	KIT, ACTUATOR,PNEUMATIC,HX40W	Actuator Kit
4032690	4032690	N/A	CORE ASSEMBLY,HX55W	Core
4032695	403269500	N/A	CORE ASSEMBLY.HX40W	Core
4032706	403270600	N/A	KIT,VG TUR ACTUATOR	Actuator Kit
4032721	4032721	N/A	KIT, ACTUATOR,PNEUMATIC,HE221W	Actuator Kit
4032722	2837587	4032722	TURBOCHARGER ID21 HX50	Turbocharger
4032737	4032737	N/A	CORE ASSEMBLY,HX35W	Core
4032739	403273900	N/A	KIT,VG TUR ACTUATOR	Actuator Kit
4032746	403390300	4032746	TURBOCHARGER.ID21.HX35W	Turbocharger
4032760	403276000	N/A	KIT,VG TUR ACT SERVICE	Actuator Kit
4032769	403276900	N/A	KIT,WASTEGATE ACTUATOR	Actuator Kit
4032790	4032863	4032790	TURBOCHARGER ID21 HX40	Turbocharger
4032799	4032820	4032799	TURBOCHARGER ID21 HX35G	Turbocharger
4032822	403282200	N/A	KIT,VG ACTUATOR FITTING	Actuator Kit
4032824	403282400	N/A	ACTUATOR.ELECTRIC.HE341Ve	Other Spare
4032834	4032834	N/A	CORE ASSEMBLY,HX55W	Core
4032843	4032844	4032843	TURBOCHARGER ID21 H3B	Turbocharger
4032854	403285400	N/A	KIT,REPAIR	Repair Kit
4032856	403285600	N/A	HOUSING,TURBINE.HE551Ve.ASSY.KIT	Turbine Housing Kit
4032865	403286500	N/A	KIT,TUR REPAIR	Repair Kit
4032867	403286700	N/A	KIT,TURBOCHARGER HOUSING	Turbine Housing Kit
4032873	4032873	N/A	KIT,REPAIR,SERVICE,HP72	Repair Kit
4032877	403287700	N/A	KIT,TUR REPAIR	Repair Kit
4032895	4032895	N/A	KIT,REPAIR,TURBINE,HE551V	Repair Kit
4032896	4032896	N/A	KIT,REPAIR,TURBINE,HE551V	Repair Kit
4032897	4032897	N/A	KIT,REPAIR,TURBINE,HE531V	Repair Kit
4032898	4032898	N/A	KIT,REPAIR,TURBINE,HE431V	Repair Kit
4032953	4032953	N/A	KIT,GASKET,( OD )	Kit
4032958	4032958	N/A	KIT,REPAIR,COMPRESSOR,HE431V	Repair Kit
4032959	4032959	N/A	KIT,REPAIR,COMPRESSOR,HE531V	Repair Kit
4032960	4032960	N/A	KIT,REPAIR,COMPRESSOR,HE551V	Repair Kit
4032971	4033752	4032971	TURBOCHARGER ID21 HE500WG	Turbocharger
4032972	403375300	4032972	TURBOCHARGER.HE500WG	Turbocharger
4032975	403297500	N/A	KIT,VG TUR ACT SERVICE	Actuator Kit
4032986	403298600	N/A	KIT,TUR REPAIR	Repair Kit
4033101	4033101	5322538	TURBOCHARGER.ID21.HY55V	Turbocharger
4033191	4033191	5322526	TURBOCHARGER.ID21.HY40V	Turbocharger
4033195	4033195	5322536	TURBOCHARGER.ID21.HY55V	Turbocharger
4033317	4033317	5322533	TURBOCHARGER.ID21.HE531V	Turbocharger
4033328	4033328	3791622	TURBOCHARGER.ID21.HY55V	Turbocharger
4033370	4033370	5322534	TURBOCHARGER.ID21.HE551V	Turbocharger
4033972	403397200	3774186	TURBOCHARGER.ID21.HE211W	Turbocharger
4034011	4034011	N/A	KIT, ACTUATOR,PNEUMATIC,MOUNTING,HE	Actuator Kit
4034012	4034012	N/A	KIT, ACTUATOR,PNEUMATIC, MOUNTING,H	Actuator Kit
4034013	4034013	N/A	KIT, ACTUATOR,PNEUMATIC,HE431V	Actuator Kit
4034014	4034014	N/A	KIT, ACTUATOR,PNEUMATIC,HY40V	Actuator Kit
4034018	4034018	N/A	KIT,REPAIR,COMPRESSOR,HY40V	Repair Kit
4034019	4034019	N/A	KIT,REPAIR,COMPRESSOR,HY40V	Repair Kit
4034020	4034020	N/A	KIT,REPAIR,COMPRESSOR,HE431V	Repair Kit
4034021	4034021	N/A	KIT,REPAIR.COMPRESSOR.HY55V	Repair Kit
4034022	4034022	N/A	KIT,REPAIR.COMPRESSOR.HY55V	Repair Kit
4034023	4034023	N/A	KIT,REPAIR.COMPRESSOR.HE531V	Repair Kit
4034024	4034024	N/A	KIT,REPAIR.COMPRESSOR.HE551V	Repair Kit
4034040	4034040	N/A	CORE ASSEMBLY,KIT,HE431V	Core
4034041	4034041	N/A	CORE ASSEMBLY,KIT,HE531V	Core
4034042	4034042	N/A	CORE ASSEMBLY,KIT,HE551V	Core
4034043	4034043	N/A	CORE ASSEMBLY,KIT,HE551V	Core
4034049	4034049	N/A	CORE ASSEMBLY,KIT,HY55V	Core
4034050	4034050	N/A	CORE ASSEMBLY,KIT,HY55V	Core
4034053	4034053	N/A	CORE ASSEMBLY,KIT,HE531V	Core
4034054	4034054	N/A	CORE ASSEMBLY,KIT,HE551V	Core
4034074	403407400	N/A	CORE ASSEMBLY.HE500FG	Core
4034075	403407500	N/A	CORE ASSEMBLY.HE500FG	Core
4034111	403411100	N/A	KIT, ACTUATOR.ELECTRIC.	Actuator Kit
4034112	4034112	N/A	KIT, ACTUATOR,ELECTRIC,HE431VE	Actuator Kit
4034114	403411400	N/A	KIT, ACTUATOR.ELECTRIC.	Actuator Kit
4034121	403412100	N/A	KIT, ACTUATOR.ELECTRIC.	Actuator Kit
4034122	403412200	N/A	KIT,VG TUR ACT SERVICE	Actuator Kit
4034123	403412300	N/A	KIT, ACTUATOR.ELECTRIC.	Actuator Kit
4034124	403412400	N/A	KIT,VG TUR ACT SERVICE	Actuator Kit
4034125	403412500	N/A	KIT,VG TUR ACT SERVICE	Actuator Kit
4034126	403412600	N/A	KIT,VG TUR ACT SERVICE	Actuator Kit
4034127	403412700	N/A	KIT,VG TUR ACT SERVICE	Actuator Kit
4034128	403412800	N/A	KIT,VG TUR ACT SERVICE	Actuator Kit
4034151	403415100	N/A	KIT,SENSOR.SPEED.HE300VG	Speed Sensor Kit
4034166	403416600	N/A	CORE ASSEMBLY.HX35	Core
4034176	403417600	N/A	KIT,VG TUR ACTUATOR	Actuator Kit
4034196	403419600	N/A	KIT,VG TUR SPEED SENSOR	Speed Sensor Kit
4034198	403419800	N/A	KIT,VG TUR SPEED SENSOR	Speed Sensor Kit
4034201	403420100	N/A	KIT,VG TUR SPEED SENSOR	Speed Sensor Kit
4034210	403421000	N/A	KIT,VG TUR ACT SERVICE	Actuator Kit
4034211	403421100	N/A	KIT,VG TUR ACT SERVICE	Actuator Kit
4034229	403422900	N/A	POWER BASE LEAD	Service Tools
4034230	403423000	N/A	KIT,TURBOCHARGER REPAIR	Repair Kit
4034231	403423100	N/A	KIT,TURBOCHARGER REPAIR	Repair Kit
4034232	403423200	N/A	PEAK ADAPTER	Service Tools
4034233	403423300	N/A	6 IN 1 ACTUATOR LOOM	Service Tools
4034240	403424000	N/A	ADAPTOR LOOM	Service Tools
4034241	403424100	N/A	PRIMARY BASE LOOM	Service Tools
4034244	403424400	N/A	AC TO DC POWER SUPPLY (24V)	Service Tools
4034249	403424900	N/A	AC TO DC POWER SUPPLY (12V)	Service Tools
4034255	403425500	N/A	E-TOOL KIT (US)	Service Tools
4034257	403425700	N/A	E-TOOL POWER SUPPLY CORD (US)	Service Tools
4034283	403428300	N/A	KIT, ACTUATOR.ELECTRIC.HE400VG	Actuator Kit
4034284	403428400	N/A	KIT, ACTUATOR.ELECTRIC.HE531VE	Actuator Kit
4034285	403428500	N/A	ELECTRIC ACTUATOR	Actuator Kit
4034286	403428600	N/A	KIT, ACTUATOR.ELECTRIC.HE400VG	Actuator Kit
4034287	403428700	N/A	KIT,VG TUR ACT SERVICE	Actuator Kit
4034288	403428800	N/A	KIT,VG TUR ACT SERVICE	Actuator Kit
4034289	403428900	N/A	KIT,VG TUR ACT SERVICE	Actuator Kit
4034290	403429000	N/A	KIT,VG TUR ACT SERVICE	Actuator Kit
4034295	403429500	N/A	CORE ASSEMBLY.HX50	Core
4034308	403430800	N/A	KIT,VG TUR ACTUATOR	Actuator Kit
4034309	403430900	N/A	KIT,VG TUR ACTUATOR	Actuator Kit
4034315	403431500	N/A	KIT,VG TUR ACT SERVICE	Actuator Kit
4034317	403431700	N/A	KIT,TURBOCHARGER REPAIR	Repair Kit
4034318	403431800	N/A	KIT,TURBOCHARGER REPAIR	Repair Kit
4034339	4034339	N/A	CORE ASSEMBLY,KIT,HY55V	Core
4034342	4034342	N/A	CORE ASSEMBLY,KIT,HE531V	Core
4034345	4034345	N/A	CORE ASSEMBLY,KIT,HE551V	Core
4034350	4034350	N/A	CORE ASSEMBLY,KIT,HY40V	Core
4034352	4034352	N/A	CORE ASSEMBLY,KIT,HY40V	Core
4034354	4034354	N/A	CORE ASSEMBLY,KIT,HY55V	Core
4034386	4034386	N/A	CORE ASSEMBLY,KIT,HE431V	Core
4034497	403121600	4034497	TURBOCHARGER,DEBRAND.ID21.HX55	Turbocharger
4034499	403449900	N/A	KIT,VG TUR ACTUATOR	Actuator Kit
4035044	408939200	4035044	TURBOCHARGER,HY35W	Turbocharger
4035052	408946700	4035052	TURBO,HX30 WASTEGATE	Turbocharger
4035057	4035024	4035057	TURBOCHARGER,ID21,HX35W	Turbocharger
4035061	403506100	N/A	HOUSING,TURBINE.HY35W	Turbine Housing
4035099	403509900	N/A	HOUSING,TURBINE	Turbine Housing
4035100	408944300	4035100	TURBOCHARGER,HX40	Turbocharger
4035105	408944400	4035105	TURBOCHARGER,HX40	Turbocharger
4035107	408944500	4035107	TURBOCHARGER,HX40	Turbocharger
4035110	408944600	4035110	TURBOCHARGER,HX40	Turbocharger
4035118	4033583	4035118	TURBOCHARGER ID21 HX35M	Turbocharger
4035125	403512500	N/A	HSG, TUR BRG (4035124)	Bearing Housing
4035160	4035160	N/A	HOUSING,TURBINE.HX40W.PER ASSY	Turbine Housing
4035188	378719000	4035188	TURBOCHARGER	Turbocharger
4035199	403308500	4035199	TURBOCHARGER	Turbocharger
4035213	378719300	4035213	TURBO,CTT XREF ONLY	Turbocharger
4035234	403335400	4035234	TURBOCHARGER	Turbocharger
4035239	378719100	4035239	TURBOCHARGER	Turbocharger
4035253	403393700	4035253	TURBOCHARGER.ID21.HX40W	Turbocharger
4035271	403527100	N/A	WHEEL,TURBOCHARGER	Shaft And Wheel Assembly
4035309	4033133	4035309	TURBOCHARGER ID21 HX40W	Turbocharger
4035316	4033276	4035316	TURBOCHARGER ID21 HX27W	Turbocharger
4035327	3596885	4035327	TURBOCHARGER,ID21,HX35W	Turbocharger
4035378	4035378	N/A	BEARING,HE431V	Journal Bearing
4035380	403538000	N/A	IMPELLER,TUR COMPRESSOR	Compressor Wheel
4035393	4033353	4035393	TURBOCHARGER ID21 HX25W	Turbocharger
4035398	4035398	N/A	IMPELLER,HE551V	Compressor Wheel
4035446	4033368	4035446	TURBOCHARGER,ID21,HX35W	Turbocharger
4035465	403546500	N/A	ACTUATOR.ASSY.HX25W	Other Spare
4035468	403546800	N/A	IMPELLER,TUR COMPRESSOR	Compressor Wheel
4035497	3787189	4035497	TURBOCHARGER, ID21, HX35	Turbocharger
4035570	4035570	N/A	HOUSING,TURBINE.HX30W.ASSY	Turbine Housing
4035597	4035597	N/A	BEARING,TURBO	Journal Bearing
4035626	4033615	4035626	TURBOCHARGER ID21 HX35G	Turbocharger
4035629	4035630	4035629	TURBOCHARGER ID21 HX35	Turbocharger
4035631	378666600	4035631	TURBOCHARGER.ID21.HX40	Turbocharger
4035633	4033421	4035633	TURBOCHARGER ID21 HX40	Turbocharger
4035637	4033628	4035637	TURBOCHARGER ID21 HX40W	Turbocharger
4035640	4033422	4035640	TURBOCHARGER ID21 HX60	Turbocharger
4035649	403121400	4035649	TURBOCHARGER,DEBRAND.ID21.HX40W	Turbocharger
4035651	4035651	N/A	IMPELLER,HX40	Compressor Wheel
4035699	4035699	N/A	IMPELLER,HX35	Compressor Wheel
4035713	4035713	N/A	HOUSING,COMPRESSOR,HX40	Compressor Housing
4035714	4035715	4035714	TURBOCHARGER ID21 HX40M	Turbocharger
4035722	403572600	4035722	TURBOCHARGER	Turbocharger
4035748	4035748	N/A	HOUSING,COMPRESSOR,HX50W,ASSY	Compressor Housing
4035772	408962800	4035772	TURBOCHARGER,HX35GAS	Turbocharger
4035775	403341900	4035775	TURBOCHARGER.ID21.HX27W	Turbocharger
4035781	408981600	4035781	TURBOCHARGER,HX40	Turbocharger
4035831	408958200	4035831	TURBOCHARGER,HX40	Turbocharger
4035834	403583400	N/A	PIPE,EXHAUST OUTLET	Other Spare
4035856	4033360	4035856	TURBOCHARGER,ID21,HX60	Turbocharger
4035879	4035879	N/A	IMPELLER,HE351CW	Compressor Wheel
4035887	4035887	N/A	IMPELLER,HX55W	Compressor Wheel
4035920	4033092	4035920	TURBOCHARGER ID21 HX38G	Turbocharger
4035923	403592300	N/A	HOUSING,TURBINE.HX38G	Turbine Housing
4035956	4033334	4035956	TURBOCHARGER ID21 HX27W	Turbocharger
4036014	4036014	N/A	IMPELLER,HX40	Compressor Wheel
4036054	403605400	N/A	VALVE,AIR CONTROL	VG Valve
4036056	4036056	N/A	SENSOR.SPEED HY40V (MAGNETIC)	Other Spare
4036087	4033093	4036087	TURBOCHARGER ID21 HX25W	Turbocharger
4036099	403609900	N/A	HOSE,PLAIN	Other Spare
4036101	4036101	N/A	HOUSING,COMPRESSOR,HX35W,ASSY	Compressor Housing
4036104	403393300	4036104	TURBOCHARGER.ID21.HX50W	Turbocharger
4036122	403612200	N/A	IMPELLER,TUR COMPRESSOR	Compressor Wheel
4036124	4036124	N/A	IMPELLER,HX40	Compressor Wheel
4036126	4036126	N/A	IMPELLER,HX40	Compressor Wheel
4036151	495565700	4036151	TURBO,HX40 WASTEGATE	Turbocharger
4036239	408964200	4036239	TURBOCHARGER,HY35W	Turbocharger
4036244	4033389	4036244	TURBOCHARGER ID21 HX40W	Turbocharger
4036246	4033420	4036246	TURBOCHARGER ID21 HX40W	Turbocharger
4036317	4036317	N/A	IMPELLER,HX50	Compressor Wheel
4036360	4033292	4036360	TURBOCHARGER ID21 HE600FG	Turbocharger
4036371	4036371	N/A	HOUSING,TURBINE.HX52	Turbine Housing
4036373	4036373	N/A	HOUSING,TURBINE.HX55	Turbine Housing
4036378	405529100	4036378	TURBOCHARGER,HX40W	Turbocharger
4036379	4035437	4036379	TURBOCHARGER,ID21,HX40W	Turbocharger
4036381	495567200	4036381	TURBOCHARGER,HX40W	Turbocharger
4036382	4036382	N/A	HOUSING,COMPRESSOR,HX40W,ASSY	Compressor Housing
4036384	403638400	N/A	HOUSING,COMPRESSOR.HX40W.ASSY	Compressor Housing
4036429	408982500	4036429	TURBOCHARGER,HX40W	Turbocharger
4036429	408982500	4036429	TURBOCHARGER,HX40W	Turbocharger
4036437	4031215	4036437	TURBOCHARGER,DEBRAND.ID21.HX52	Turbocharger
4036455	4043285	4036455	TURBOCHARGER,ID21,HX60	Turbocharger
4036457	403389200	4036457	TURBOCHARGER.ID21.WH1E	Turbocharger
4036459	403391200	4036459	TURBOCHARGER.ID21.WH1E	Turbocharger
4036468	408970300	4036468	TURBO,HX30 WASTEGATE	Turbocharger
4036471	408969900	4036471	TURBOCHARGER,HX35 WASTEGA	Turbocharger
4036489	4033270	4036489	TURBOCHARGER ID21 HX40	Turbocharger
4036492	4036492	N/A	HOUSING,COMPRESSOR,HX35	Compressor Housing
4036493	4033616	4036493	TURBOCHARGER ID21 HX35	Turbocharger
4036498	403649800	N/A	ACTUATOR.ASSY.HX35W	Other Spare
4036501	4036501	N/A	HOUSING,TURBINE.H1C	Turbine Housing
4036531	4033094	4036531	TURBOCHARGER ID21 HX35	Turbocharger
4036542	4033611	4036542	TURBOCHARGER ID21 HX35	Turbocharger
4036549	4036549	N/A	HOUSING,BEARING,HX35	Bearing Housing
4036553	4036553	N/A	ACTUATOR,TURBO,HX55W	Other Spare
4036558	4036558	N/A	IMPELLER,HX55W	Compressor Wheel
4036583	378667700	4036583	TURBOCHARGER.ID21.HX50W	Turbocharger
4036616	4036616	N/A	HOUSING,TURBINE.HX35	Turbine Housing
4036617	4033062	4036617	TURBOCHARGER ID21 HX35	Turbocharger
4036654	408983900	4036654	TURBOCHARGER,HX40W	Turbocharger
4036670	403667000	N/A	HOUSING,COMPRESSOR.HX55W	Compressor Housing
4036675	4036675	N/A	SHAFT & WHEEL.HX55WM	Shaft And Wheel Assembly
4036701	4036701	N/A	IMPELLER,HX60	Compressor Wheel
4036735	4036736	4036735	TURBOCHARGER,ID21,HX27W	Turbocharger
4036745	4036745	N/A	HOUSING,COMPRESSOR,HX35W,ASSY	Compressor Housing
4036746	4036747	4036746	TURBOCOMPRESSOR	Turbocharger
4036769	403676900	N/A	HOUSING,TURBINE.HX55	Turbine Housing
4036797	403679700	N/A	HOUSING,COMPRESSOR.HE351CW.ASSY	Compressor Housing
4036822	378708000	4036822	TURBOCHARGER.ID21.HX25	Turbocharger
4036829	403682900	N/A	HOUSING,COMPRESSOR.HX40W	Compressor Housing
4036840	4033250	4036840	TURBOCHARGER ID21 HX35	Turbocharger
4036874	4036874	N/A	IMPELLER,HX30	Compressor Wheel
4036892	408975400	4036892	TURBOCHARGER,HX55	Turbocharger
4036903	4033139	4036903	TURBOCHARGER ID21 HX55	Turbocharger
4036914	4036914	N/A	HOUSING,COMPRESSOR,HX55W	Compressor Housing
4036915	408985400	4036915	TURBOCHARGER,HX55W	Turbocharger
4036953	4036953	N/A	HOUSING,COMPRESSOR,HX32,ASSY	Compressor Housing
4036963	403696400	4036963	TURBOCHARGER.ID21.HX40W	Turbocharger
4037004	4037004	N/A	IMPELLER,HX50	Compressor Wheel
4037020	378667800	4037020	TURBOCHARGER.HX40	Turbocharger
4037026	4033246	4037026	TURBOCHARGER ID21 HX35W	Turbocharger
4037043	4037043	N/A	HOUSING,COMPRESSOR,HX40	Compressor Housing
4037053	4031118	4037053	TURBOCHARGER DEBRAND ID21 HX52	Turbocharger
4037078	403111900	4037078	TURBOCHARGER,DEBRAND.ID21.HX52	Turbocharger
4037084	408985500	4037084	TURBOCHARGER,HX55W	Turbocharger
4037086	408985600	4037086	TURBOCHARGER,HX55	Turbocharger
4037088	408985700	4037088	TURBOCHARGER,HX55W	Turbocharger
4037109	4037109	N/A	HOUSING,COMPRESSOR,HX35	Compressor Housing
4037118	4033621	4037118	TURBOCHARGER ID21 HX50	Turbocharger
4037141	403324700	4037141	TURBOCHARGER.ID21.HX20W	Turbocharger
4037147	4037147	N/A	CORE ASSEMBLY,HE200WG	Core
4037186	403718600	N/A	HOUSING,TURBINE.HX25	Turbine Housing
4037187	4033095	4037187	TURBOCHARGER ID21 HX25	Turbocharger
4037195	4033387	4037195	TURBOCHARGER,ID21,HX25W	Turbocharger
4037299	4037299	N/A	UNION.MALE.HX40 ASSY	Other Spare
4037324	403732400	N/A	HOUSING,TURBINE.ASSY	Turbine Housing
4037336	4031120	4037336	TURBOCHARGER DEBRAND HD21 HX52W	Turbocharger
4037372	4037372	N/A	HOUSING,COMPRESSOR,HX38G	Compressor Housing
4037377	4033392	4037377	TURBOCHARGER ID21 HX38G	Turbocharger
4037469	495515500	4037469	TURBO,HX35	Turbocharger
4037504	4037504	N/A	ACTUATOR,HX35W,ASSY,PERMANENT	Other Spare
4037519	403751900	N/A	HOUSING,TURBINE.HX40W.ASSY	Turbine Housing
4037582	4037582	N/A	HOUSING,COMPRESSOR,HY35W,ASSY	Compressor Housing
4037585	4033658	4037585	TURBOCHARGER,ID21,HY35W	Turbocharger
4037586	4033240	4037586	TURBOCHARGER,ID21,HY35W	Turbocharger
4037587	408931400	4037587	TURBOCHARGER,HY35W	Turbocharger
4037588	408919400	4037588	TURBOCHARGER,HX32W	Turbocharger
4037622	4037622	N/A	ACTUATOR,ASSY,HX55W	Other Spare
4037625	408985800	4037625	TURBOCHARGER,HX55W	Turbocharger
4037627	408985900	4037627	TURBOCHARGER,HX55W	Turbocharger
4037633	408986200	4037633	TURBOCHARGER,HX55W	Turbocharger
4037635	408986300	4037635	TURBOCHARGER,HX55W	Turbocharger
4037641	403764100	N/A	ACTUATOR,TURBOCHARGER	Other Spare
4037702	4037703	4037702	TURBOCHARGER,ID21,HX40	Turbocharger
4037713	403771300	3781172	TURBOCHARGER,HEPRE07VG MR	Turbocharger
4037739	495515400	4037739	TURBOCHARGER,HX55	Turbocharger
4037798	403779800	N/A	HOUSING,COMPRESSOR.HX50.ASSY	Compressor Housing
4037836	403783600	N/A	HOUSING,COMPRESSOR.HX35	Compressor Housing
4037899	4033576	4037899	TURBOCHARGER ID21 HX55	Turbocharger
4037951	4037951	N/A	HOUSING,TURBINE.HX52W.ASSY	Turbine Housing
4037971	403798100	4037971	TURBOCHARGER.ID21.HY35W	Turbocharger
4037975	402504000	4037975	TURBO,HX40 WASTEGATE	Turbocharger
4038000	403800200	4038000	TURBOCHARGER	Turbocharger
4038003	403800400	4038003	TURBOCHARGER.ID21.HX40W	Turbocharger
4038031	4038031	N/A	BEARING.THRUST HE561W	Thrust Bearing
4038044	402530800	4038044	TURBOCHARGER,KIT.ID21.HX40W	Turbocharger
4038046	402530500	4038046	TURBOCHARGER,HX40	Turbocharger
4038047	402530600	4038047	TURBOCHARGER,HX40	Turbocharger
4038050	402530700	4038050	TURBO,HX40 WASTEGATE	Turbocharger
4038060	4038060	N/A	HOUSING,TURBINE.HX55	Turbine Housing
4038081	4038081	N/A	HOUSING,TURBINE.HX40	Turbine Housing
4038085	403808500	N/A	HOUSING,TURBINE.HX40W.ASSY	Turbine Housing
4038087	4038087	N/A	HOUSING,TURBINE.HX40W.ASSY	Turbine Housing
4038109	408987800	4038109	TURBOCHARGER,HX40	Turbocharger
4038112	4038112	N/A	BAFFLE,OIL HE561W	Other Spare
4038113	4033248	4038113	TURBOCHARGER ID21 HX25W	Turbocharger
4038181	4038181	N/A	SHAFT & WHEEL.HX52	Shaft And Wheel Assembly
4038182	4038182	N/A	SHAFT & WHEEL.HX55	Shaft And Wheel Assembly
4038197	4038197	N/A	HOUSING,BEARING,HX40	Bearing Housing
4038233	403823300	N/A	HOUSING,BEARING.HE351CW	Bearing Housing
4038253	4033183	4038253	TURBOCHARGER ID21 HX38G	Turbocharger
4038257	4038257	N/A	BRACKET,ACTUATOR,HX38G	Other Spare
4038289	4033681	4038289	TURBOCHARGER,ID21,HX35W	Turbocharger
4038302	403830200	N/A	CLAMP.V BAND	Other Spare
4038325	4038325	N/A	HOUSING,TURBINE.HY35W.ASSY	Turbine Housing
4038357	4038357	N/A	BEARING.THRUST HX60	Thrust Bearing
4038358	403835800	N/A	BEARING,TUR THRUST	Thrust Bearing
4038409	4033134	4038409	TURBOCHARGER ID21 HX40	Turbocharger
4038421	4035653	4038421	TURBOCHARGER,ID21,HX40W	Turbocharger
4038422	403842600	4038422	TURBOCHARGER	Turbocharger
4038423	403842800	4038423	TURBO,CTT XREF ONLY	Turbocharger
4038424	4038429	4038424	TURBOCOMPRESSOR	Turbocharger
4038460	408982400	4038460	TURBOCHARGER,HX40W	Turbocharger
4038469	4038469	N/A	HOUSING,COMPRESSOR,HX35W,ASSY	Compressor Housing
4038470	4036106	4038470	TURBOCOMPRESSOR	Turbocharger
4038471	4035376	4038471	TURBOCHARGER,ID21,HX35W	Turbocharger
4038472	408911700	4038472	TURBOCHARGER,HX35 WASTEGA	Turbocharger
4038473	4033072	4038473	TURBOCHARGER,ID21,HX35W	Turbocharger
4038475	408971100	4038475	TURBO,HX35	Turbocharger
4038476	4038482	4038476	TURBOCOMPRESSOR	Turbocharger
4038477	495574400	4038477	KIT,TURBOCHARGER	Turbocharger
4038499	4038499	N/A	CORE ASSEMBLY,HX60W	Core
4038509	4038509	N/A	HOUSING,TURBINE.HX52	Turbine Housing
4038532	408982100	4038532	TURBOCHARGER	Turbocharger
4038544	4038544	N/A	ACTUATOR,TURBOCHARGER	Other Spare
4038545	4038545	N/A	ACTUATOR,PERMANENT ASSY,HX35W	Other Spare
4038597	495515600	4038597	TURBOCHARGER,HX35 WASTEGA	Turbocharger
4038598	4038211	4038598	TURBOCHARGER,ID21,HX35W	Turbocharger
4038612	4031121	4038612	TURBOCHARGER DEBRAND ID21 HX55	Turbocharger
4038613	403112200	4038613	TURBOCHARGER DEBRAND HD21 HX55	Turbocharger
4038619	4038619	N/A	HOUSING,BEARING,HX55,ASSY	Bearing Housing
4038620	4031123	4038620	TURBOCHARGER DEBRAND ID21 HX52	Turbocharger
4038664	4033057	4038664	TURBOCHARGER ID21 HX40W	Turbocharger
4038689	4038689	N/A	HOUSING,COMPRESSOR,HX52	Compressor Housing
4038714	4038714	N/A	HOUSING,BEARING,HX60	Bearing Housing
4038715	403871500	N/A	HOUSING,BEARING.HX60	Bearing Housing
4038724	4038724	N/A	HOUSING,BEARING,HX60	Bearing Housing
4038773	403877400	4038773	TURBOCHARGER,HX40W	Turbocharger
4038783	4038783	N/A	HOUSING,BEARING,HX30	Bearing Housing
4038790	408971400	4038790	TURBOCHARGER,HX25W	Turbocharger
4038792	402533200	4038792	TURBOCHARGER,HX25W	Turbocharger
4038838	4038838	N/A	HOUSING,COMPRESSOR,HX55	Compressor Housing
4038840	4038840	N/A	HOUSING,COMPRESSOR,HX55	Compressor Housing
4038841	4038841	N/A	HOUSING,COMPRESSOR,HX55	Compressor Housing
4038846	408981800	4038846	TURBOCHARGER,HX55	Turbocharger
4038849	403121700	4038849	TURBOCHARGER DEBRAND ID21 HX40W	Turbocharger
4038889	4038889	N/A	ACTUATOR,PERMANENT ASSEMBLY,HX38G	Other Spare
4038894	4033123	4038894	TURBOCHARGER,ID21,HX40W	Turbocharger
4038896	403391300	4038896	TURBOCHARGER.ID21.HX40W	Turbocharger
4038901	495521100	4038901	TURBOCHARGER,HX55	Turbocharger
4038906	4038908	4038906	TURBOCHARGER,ID21,HX35	Turbocharger
4038907	4038909	4038907	TURBOCHARGER,ID21,HX35	Turbocharger
4038928	403892900	4038928	TURBOCHARGER	Turbocharger
4038945	4038945	N/A	HOUSING,COMPRESSOR,HX52	Compressor Housing
4038946	4038946	N/A	HOUSING,COMPRESSOR,HX52	Compressor Housing
4038968	403896800	N/A	HOUSING,TURBINE.HX27W	Turbine Housing
4038971	4033071	4038971	TURBOCHARGER ID21 HX35W	Turbocharger
4039023	4039023	N/A	ACTUATOR,HX25W	Other Spare
4039031	408991800	4039031	TURBOCHARGER,HX40W	Turbocharger
4039032	403903200	N/A	BRACKET.ACTUATOR.HX55W	Other Spare
4039043	495515800	4039043	TURBOCHARGER,HX35 WASTEGA	Turbocharger
4039051	408988700	4039051	TURBOCHARGER,HY35W	Turbocharger
4039065	408988400	4039065	TURBOCHARGER,HX55W	Turbocharger
4039069	408988600	4039069	TURBOCHARGER,HX55W	Turbocharger
4039128	4039128	N/A	HOUSING,COMPRESSOR,HX40W,ASSY	Compressor Housing
4039197	408992100	4039197	TURBOCHARGER	Turbocharger
4039206	4039208	4039206	TURBOCHARGER.ID21.HX60	Turbocharger
4039227	4039227	N/A	SHAFT & WHEEL.HX55	Shaft And Wheel Assembly
4039258	4039258	N/A	HOUSING,BEARING,HX55	Bearing Housing
4039261	403926200	4039261	TURBOCHARGER	Turbocharger
4039264	403926500	4039264	TURBOCHARGER.ID21.HX40	Turbocharger
4039302	4039302	N/A	HOUSING,COMPRESSOR,HX40,ASSY	Compressor Housing
4039316	403931600	N/A	HOUSING,BEARING.HX55	Bearing Housing
4039318	4033345	4039318	TURBOCHARGER,ID21,HX40W	Turbocharger
4039319	4033274	4039319	TURBOCHARGER ID21 HX40W	Turbocharger
4039338	403933900	4039338	TURBOCHARGER	Turbocharger
4039360	403936000	N/A	ACTUATOR,TURBOCHARGER	Other Spare
4039432	4039432	N/A	IMPELLER,HE431V	Compressor Wheel
4039489	4039489	N/A	SHAFT & WHEEL.HX40	Shaft And Wheel Assembly
4039491	403391400	4039491	TURBOCHARGER.ID21.HX40	Turbocharger
4039511	4039511	N/A	HOUSING,TURBINE.HX55	Turbine Housing
4039512	4039512	N/A	HOUSING,TURBINE.HX55	Turbine Housing
4039515	4039515	N/A	HOUSING,TURBINE.HX55	Turbine Housing
4039545	4039811	4039545	TURBOCHARGER,ID21,HX35	Turbocharger
4039615	408992000	4039615	TURBOCHARGER,HX40W	Turbocharger
4039618	4039618	N/A	HOUSING,COMPRESSOR,HX40W	Compressor Housing
4039619	403961900	N/A	HOUSING,COMPRESSOR.HX40W.ASSY	Compressor Housing
4039630	495547900	4039630	TURBOCHARGER,HX35 WASTEGA	Turbocharger
4039631	4039331	4039631	TURBOCOMPRESSOR	Turbocharger
4039632	4045700	4039632	TURBOCHARGER,ID21,HX35W	Turbocharger
4039633	495515700	4039633	TURBOCHARGER,HX35 WASTEGA	Turbocharger
4039637	403963700	N/A	BRACKET.ACTUATOR.HX55W	Other Spare
4039644	4039644	N/A	HOUSING,TURBINE.HX55	Turbine Housing
4039648	403964800	N/A	ACTUATOR.ASSY.HX40W	Other Spare
4039673	4039674	4039673	TURBOCOMPRESSOR	Turbocharger
4039700	409004800	4039700	TURBOCHARGER,HX40	Turbocharger
4039735	4039735	N/A	COLLAR, THRUST.	Other Spare
4039744	495570400	4039744	TURBOCHARGER.ID21-5.HX40W	Turbocharger
4039747	403974700	N/A	GASKET.FLANGE	Other Spare
4039789	4033902	4039789	TURBOCHARGER.ID21.HX40	Turbocharger
4039824	4039824	N/A	HOUSING,COMPRESSOR,HY35W	Compressor Housing
4039825	4039825	N/A	HOUSING,COMPRESSOR,HY35W,ASSY	Compressor Housing
4039864	4039864	N/A	HOUSING,COMPRESSOR,HX55	Compressor Housing
4039911	408992800	4039911	TURBOCHARGER,HX40W	Turbocharger
4039913	408992900	4039913	TURBOCHARGER,HX40W	Turbocharger
4039918	408993100	4039918	TURBOCHARGER,HX40W	Turbocharger
4039920	408993200	4039920	TURBOCHARGER,HX40W	Turbocharger
4039929	495545700	4039929	TURBOCHARGER,HX35GAS	Turbocharger
4039930	495595900	4039930	TURBOCHARGER,HX40W	Turbocharger
4039990	403999100	4039990	TURBOCHARGER,HX40	Turbocharger
4040022	495528700	4040022	TURBOCHARGER,HX40	Turbocharger
4040023	495538200	4040023	TURBOCHARGER,HX40	Turbocharger
4040044	4033052	4040044	TURBOCHARGER ID21 HX40W	Turbocharger
4040064	408996200	4040064	TURBOCHARGER,HX40W	Turbocharger
4040066	495519300	4040066	TURBOCHARGER,HX30	Turbocharger
4040070	4040070	N/A	HOUSING,COMPRESSOR,HE221W	Compressor Housing
4040090	4040090	N/A	SHAFT & WHEEL.HE551M	Shaft And Wheel Assembly
4040123	404012300	N/A	HOUSING,BEARING.HY30W	Bearing Housing
4040124	404012400	N/A	HOUSING,BEARING.HY35W	Bearing Housing
4040135	4040135	N/A	HOUSING,BEARING,HY35W	Bearing Housing
4040185	4040185	N/A	HOUSING,COMPRESSOR,HX35W,ASSY	Compressor Housing
4040203	404020400	4040203	TURBOCHARGER,HE221W	Turbocharger
4040205	404020600	4040205	TURBOCHARGER,HE221W	Turbocharger
4040207	495526800	4040207	TURBOCHARGER,HE221W	Turbocharger
4040244	409000900	4040244	TURBOCHARGER,HX40W	Turbocharger
4040245	409001000	4040245	TURBOCHARGER,HX40W	Turbocharger
4040250	403177400	4040250	TURBOCHARGER.ID21.HX40	Turbocharger
4040252	404025200	N/A	GASKET,TURBOCHARGER	Other Spare
4040285	4040285	N/A	IMPELLER,HX60W	Compressor Wheel
4040310	403121800	4040310	TURBOCHARGER,DEBRAND.ID21.HX40W	Turbocharger
4040314	403121900	4040314	TURBOCHARGER,DEBRAND.ID21.HX40W	Turbocharger
4040333	4040333	N/A	ACTUATOR,HE221W,PERMANENT ASSY	Other Spare
4040344	408998800	4040344	TURBO,HX40W	Turbocharger
4040353	403332100	4040353	TURBOCHARGER,HX40W	Turbocharger
4040364	4040364	N/A	ACTUATOR,ASSY,HX25W	Other Spare
4040374	404037500	4040374	TURBOCHARGER,HE221W	Turbocharger
4040378	404037900	4040378	TURBOCHARGER,HE221W	Turbocharger
4040391	4040391	N/A	ACTUATOR,PERMANENT ASSEMBLY,HE221W	Other Spare
4040429	4033284	4040429	TURBOCHARGER ID21 HX35W	Turbocharger
4040537	4040537	N/A	HOUSING,TURBINE.HX40	Turbine Housing
4040541	4033594	4040541	TURBOCHARGER,ID21,HX60	Turbocharger
4040552	404055300	4040552	TURBOCHARGER,HE221W	Turbocharger
4040554	495527300	4040554	TURBOCHARGER,HE221W	Turbocharger
4040556	404055700	4040556	TURBOCHARGER,HE221W	Turbocharger
4040558	404055900	4040558	TURBOCHARGER,HE221W	Turbocharger
4040558	495527500	4040558	TURBOCHARGER.HE221W	Turbocharger
4040560	404056100	4040560	TURBOCHARGER,HE221W	Turbocharger
4040560	495527600	4040560	TURBOCHARGER.HE221W	Turbocharger
4040564	495527800	4040564	TURBOCHARGER,HE221W	Turbocharger
4040566	404056700	4040566	TURBOCHARGER,HE221W	Turbocharger
4040568	404056900	4040568	TURBOCHARGER,HE221W	Turbocharger
4040570	404057100	4040570	TURBOCHARGER,HE221W	Turbocharger
4040572	404057300	4040572	TURBOCHARGER,HE221W	Turbocharger
4040574	404057500	4040574	TURBOCHARGER,HE221W	Turbocharger
4040576	408999000	4040576	TURBOCHARGER,HX40W	Turbocharger
4040607	404060700	N/A	HOUSING,COMPRESSOR.HX40W.ASSY	Compressor Housing
4040610	403391500	4040610	TURBOCHARGER.ID21.HX40M	Turbocharger
4040639	404063900	N/A	BRACKET.ACTUATOR HX55W	Other Spare
4040692	403343200	4040692	TURBOCHARGER.HX55	Turbocharger
4040718	4031220	4040718	TURBOCHARGER DEBRAND ID21 HX40W	Turbocharger
4040743	4033050	4040743	TURBOCHARGER ID21 HX55	Turbocharger
4040752	403122100	4040752	TURBOCHARGER DEBRAND ID21 HX40W	Turbocharger
4040837	4040837	N/A	HOUSING,TURBINE.HX50W.ASSY	Turbine Housing
4040872	4040873	4040872	TURBOCHARGER ID21 HX35W	Turbocharger
4040919	4033428	4040919	TURBOCHARGER ID21 HX35M	Turbocharger
4041096	4033434	4041096	TURBOCHARGER ID21 HX50	Turbocharger
4041107	404110700	N/A	CLAMP,V BAND	Other Spare
4041166	4041166	N/A	HOUSING,TURBINE.HX55	Turbine Housing
4041167	404116700	N/A	HOUSING,COMPRESSOR.HX55	Compressor Housing
4041172	4033363	4041172	TURBOCHARGER ID21 HX55	Turbocharger
4041211	408998900	4041211	TURBOCHARGER,HX40W	Turbocharger
4041218	4041218	N/A	HOUSING,COMPRESSOR,HE221W,ASSY	Compressor Housing
4041219	4041219	N/A	HOUSING,COMPRESSOR,HE221W	Compressor Housing
4041220	404122000	N/A	COMPRESSOR HOUSING ASSEMBLY, HE221W	Compressor Housing
4041221	4041221	N/A	HOUSING,COMPRESSOR,HE221W	Compressor Housing
4041223	4041223	N/A	ACTUATOR,PERMANENT ASSEMBLY,HE221W	Other Spare
4041230	404020900	4041230	TURBOCHARGER,HE221W	Turbocharger
4041252	4041253	4041252	TURBOCHARGER,ID21,HX40W	Turbocharger
4041269	404126900	N/A	ACTUATOR.ASSY.HX25W	Other Spare
4041276	403122200	4041276	TURBOCHARGER,DEBRAND.ID21.HX40W	Turbocharger
4041281	403122300	4041281	TURBOCHARGER,DEBRAND.ID21.HX40W	Turbocharger
4041296	4041296	N/A	HOUSING,COMPRESSOR,HY55V	Compressor Housing
4041302	4041302	N/A	HOUSING,TURBINE.HX27W	Turbine Housing
4041367	4033103	4041367	TURBOCHARGER ID21 HX25W	Turbocharger
4041443	4041443	N/A	HOUSING,TURBINE.HX60	Turbine Housing
4041515	4041515	N/A	HOUSING,TURBINE.HX55WM	Turbine Housing
4041552	404155500	4041552	TURBOCHARGER,HE221W	Turbocharger
4041641	4041641	N/A	HOUSING,TURBINE.HX55	Turbine Housing
4041650	495523100	4041650	TURBOCHARGER,HX55	Turbocharger
4041656	495523200	4041656	TURBOCHARGER,HX55W	Turbocharger
4041661	495537500	4041661	TURBOCHARGER,HX40	Turbocharger
4041666	4041666	N/A	IMPELLER,HX50,	Compressor Wheel
4041670	4033184	4041670	TURBOCHARGER ID21 HX25	Turbocharger
4041689	403394600	4041689	TURBOCHARGER.ID21.HX20	Turbocharger
4041764	495515100	4041764	TURBOCHARGER,HX40W	Turbocharger
4041765	495515200	4041765	TURBOCHARGER,HX40W	Turbocharger
4041766	495515300	4041766	TURBOCHARGER,HX40W	Turbocharger
4041791	4033320	4041791	TURBOCHARGER ID21 HX27W	Turbocharger
4041846	4041846	N/A	BRACKET,ACTUATOR HX35W	Other Spare
4041875	4033040	4041875	TURBOCHARGER ID21 HX35W	Turbocharger
4041876	4033612	4041876	TURBOCHARGER ID21 HX35	Turbocharger
4041877	4033362	4041877	TURBOCHARGER ID21 HX35W	Turbocharger
4041878	4033384	4041878	TURBOCHARGER ID21 HX35W	Turbocharger
4041880	4033398	4041880	TURBOCHARGER ID21 HX35W	Turbocharger
4041881	378665600	4041881	TURBOCHARGER.ID21.HX35W	Turbocharger
4041882	4035408	4041882	TURBOCHARGER ID21 HX35W	Turbocharger
4041883	4033732	4041883	TURBOCHARGER ID21 HX35W	Turbocharger
4041884	4033682	4041884	TURBOCHARGER,ID21,HX35W	Turbocharger
4041943	495521900	4041943	TURBOCHARGER,HX40W	Turbocharger
4042028	404203000	4042028	TURBOCHARGER.ID21.HX40W	Turbocharger
4042040	4042041	4042040	TURBOCHARGER,ID21,HX40W	Turbocharger
4042042	4042043	4042042	TURBOCHARGER,ID21,HX40	Turbocharger
4042044	4042045	4042044	TURBOCHARGER,ID21,HX40W	Turbocharger
4042090	4042090	N/A	SHAFT & WHEEL.HX40W	Shaft And Wheel Assembly
4042106	404210500	4042106	TURBOCHARGER.ID21.HX40	Turbocharger
4042138	404213800	N/A	HOUSING,TURBINE.HE351CW.ASSY	Turbine Housing
4042187	4042187	N/A	CORE ASSEMBLY,HX35	Core
4042226	403334900	4042226	TURBOCHARGER.ID21.HX25	Turbocharger
4042251	495528800	4042251	TURBOCHARGER,HX35GAS	Turbocharger
4042265	404226600	4042265	TURBOCHARGER	Turbocharger
4042282	4042282	N/A	VALVE.AIR CONTROL.ASSY	VG Valve
4042289	4033423	4042289	TURBOCHARGER ID21 HX40	Turbocharger
4042293	4042293	N/A	SHAFT & WHEEL.HX55	Shaft And Wheel Assembly
4042387	4033346	4042387	TURBOCHARGER ID21 HX50W	Turbocharger
4042450	4042451	4042450	TURBOCHARGER ID21 HX35	Turbocharger
4042461	4042461	N/A	HOUSING,TURBINE.HE221W.ASSY	Turbine Housing
4042557	4042556	4042557	TURBOCOMPRESSOR	Turbocharger
4042568	378667200	4042568	TURBOCHARGER.ID21.HX25	Turbocharger
4042570	404257000	N/A	HOUSING,COMPRESSOR.HX60	Compressor Housing
4042595	4031126	4042595	TURBOCHARGER,DEBRAND.ID21.HX55	Turbocharger
4042673	4042673	N/A	HOUSING,COMPRESSOR.HE551W	Compressor Housing
4042675	404267500	N/A	BEARING.TUR THRUST	Thrust Bearing
4042692	4033223	4042692	TURBOCHARGER ID21 HX60	Turbocharger
4042707	404270800	4042707	TURBOCHARGER	Turbocharger
4042714	404271500	4042714	TURBOCHARGER,HE221W	Turbocharger
4042718	404271900	4042718	TURBOCHARGER,HE221W	Turbocharger
4042722	404272300	4042722	TURBOCHARGER,HE221W	Turbocharger
4042722	495532100	4042722	TURBOCHARGER.HE221W	Turbocharger
4042735	4033174	4042735	TURBOCHARGER,ID21,HX35W	Turbocharger
4042736	378659700	4042736	TURBO,CTT XREF ONLY	Turbocharger
4042737	4043247	4042737	TURBOCHARGER,ID21,HX35W	Turbocharger
4042738	4043248	4042738	TURBOCHARGER,ID21,HX35W	Turbocharger
4042739	4043249	4042739	TURBOCHARGER,ID21,HX35W	Turbocharger
4042740	2837117	4042740	TURBOCHARGER,ID21,HX35W	Turbocharger
4042761	4033343	4042761	TURBOCHARGER ID21 HY35W	Turbocharger
4042782	4042782	N/A	SHAFT & WHEEL.HX55	Shaft And Wheel Assembly
4042814	404281400	N/A	SHAFT & WHEEL.HX35	Shaft And Wheel Assembly
4042819	4042819	N/A	HOUSING,COMPRESSOR,HX55	Compressor Housing
4042829	403393400	4042829	TURBOCHARGER.ID21.HX60	Turbocharger
4042864	403363500	4042864	TURBOCHARGER.ID21.HX40M	Turbocharger
4042879	4042879	N/A	CORE ASSEMBLY,HX60	Core
4042937	4042937	N/A	HOUSING,BEARING,HX40W	Bearing Housing
4042943	4033314	4042943	TURBOCHARGER ID21 HX35W	Turbocharger
4042994	4042994	N/A	HOUSING,TURBINE.HX60	Turbine Housing
4042998	4042998	N/A	HOUSING,COMPRESSOR,HX40W,ASSY	Compressor Housing
4043001	4040636	4043001	TURBOCOMPRESSOR	Turbocharger
4043003	4039932	4043003	TURBOCOMPRESSOR	Turbocharger
4043037	4043037	N/A	IMPELLER,HX40W	Compressor Wheel
4043055	495525600	4043055	TURBOCHARGER,HX40W	Turbocharger
4043107	404310800	4043107	TURBOCHARGER	Turbocharger
4043147	404314800	4043147	TURBOCHARGER	Turbocharger
4043168	404316800	N/A	ACTUATOR.ASSY.HX35W	Other Spare
4043270	4043271	4043270	TURBOCHARGER,ID21,HX35W	Turbocharger
4043279	403397800	4043279	TURBOCHARGER	Turbocharger
4043280	4033979	4043280	TURBOCHARGER	Turbocharger
4043400	4033793	4043400	TURBOCHARGER	Turbocharger
4043401	403389300	4043401	TURBOCHARGER	Turbocharger
4043410	4033152	4043410	TURBOCHARGER ID21 HX35W	Turbocharger
4043412	4033153	4043412	TURBOCHARGER ID21 HX35W	Turbocharger
4043414	4033336	4043414	TURBOCHARGER ID21 HX35W	Turbocharger
4043521	404352100	N/A	HOUSING,TURBINE.HX55	Turbine Housing
4043522	4033601	4043522	TURBOCHARGER ID21 HX55	Turbocharger
4043564	4043564	N/A	ACTUATOR,HE551W	Other Spare
4043576	404357600	N/A	PICKUP, MAGNETIC.	Other Spare
4043577	495550000	4043577	TURBOCHARGER,KIT.ID21.HX55WM	Turbocharger
4043584	4043584	N/A	CORE ASSEMBLY,HE221W	Core
4043587	4043587	N/A	CONJUNTO ROTATIVO	Core
4043590	4043590	N/A	CORE ASSEMBLY,HE221W	Core
4043593	4043593	N/A	CORE ASSEMBLY,HE221W	Core
4043600	408979700	4043600	KIT,TUR ACTUATOR HE351CW	Turbocharger
4043619	404361900	N/A	HOUSING,TURBINE	Turbine Housing
4043647	404364700	N/A	HOUSING,TURBINE.HX55	Turbine Housing
4043648	4033185	4043648	TURBOCHARGER ID21 HX55	Turbocharger
4043684	404368500	4043684	TURBOCHARGER	Turbocharger
4043702	4043703	4043702	TURBOCHARGER,ID21,HX55W	Turbocharger
4043717	4043718	4043717	TURBOCHARGER,ID21,HX55W	Turbocharger
4043721	404372200	4043721	TURBOCHARGER.HX55W	Turbocharger
4043797	4031224	4043797	TURBOCHARGER,DEBRAND.ID21.HE551	Turbocharger
4043806	403113000	4043806	TURBOCHARGER,DEBRAND.ID21.HX40W	Turbocharger
4043807	403122500	4043807	TURBOCHARGER,DEBRAND.ID21.HX40W	Turbocharger
4043885	403393500	4043885	TURBOCHARGER.ID21.HX55WM	Turbocharger
4043900	4043900	N/A	HOUSING,TURBINE.HX35W	Turbine Housing
4043936	404393600	N/A	HOUSING,TURBINE	Turbine Housing
4043940	4043940	N/A	HOUSING,TURBINE.HX40	Turbine Housing
4043944	404394500	4043944	TURBOCHARGER	Turbocharger
4043946	403324900	4043946	TURBO,CTT XREF ONLY	Turbocharger
4043948	404394900	4043948	TURBOCHARGER,HE221W	Turbocharger
4043950	404395100	4043950	TURBOCHARGER	Turbocharger
4043954	403389700	4043954	TURBOCHARGER.ID21.HX40W	Turbocharger
4043956	4043957	4043956	TURBOCHARGER,ID21,HX35W	Turbocharger
4043979	4033980	4043979	TURBOCHARGER	Turbocharger
4043980	403340900	4043980	TURBOCHARGER	Turbocharger
4043993	4033602	4043993	TURBOCHARGER ID21 HX35W	Turbocharger
4044030	404403000	N/A	HOUSING,COMPRESSOR.HX35	Compressor Housing
4044031	4033316	4044031	TURBOCHARGER ID21 HX35W	Turbocharger
4044050	4044051	4044050	TURBOCHARGER,ID21,HY35W	Turbocharger
4044077	4044077	N/A	HOUSING,COMPRESSOR,HY35,	Compressor Housing
4044078	404322900	4044078	TURBOCHARGER,HY35W	Turbocharger
4044094	495574700	4044094	TURBOCHARGER,HX35 WASTEGA	Turbocharger
4044098	495574900	4044098	TURBOCHARGER.ID21.HX35W	Turbocharger
4044103	495574800	4044103	TURBOCHARGER,HX35 WASTEGA	Turbocharger
4044127	532493800	4044127	TURBOCHARGER	Turbocharger
4044133	404322800	4044133	TURBOCHARGER,HE 07 VG MR	Turbocharger
4044154	404415500	4044154	TURBOCHARGER	Turbocharger
4044169	495565900	4044169	TURBO,HX40 WASTEGATE	Turbocharger
4044171	380040500	4044171	TURBO,HX40W	Turbocharger
4044175	495566000	4044175	TURBO,HX40 WASTEGATE	Turbocharger
4044177	380040700	4044177	TURBOCHARGER,KIT.ID21.HX40W	Turbocharger
4044179	402518000	4044179	TURBO,HX40 WASTEGATE	Turbocharger
4044181	495565800	4044181	TURBO,HX40 WASTEGATE	Turbocharger
4044183	495565600	4044183	TURBOCHARGER,HX40	Turbocharger
4044185	380042600	4044185	TURBOCHARGER,HX40	Turbocharger
4044187	380281000	4044187	TURBOCHARGER,HX40	Turbocharger
4044274	4044274	N/A	HOUSING,COMPRESSOR,HE551,ASSY	Compressor Housing
4044276	404427600	N/A	SHAFT & WHEEL.HE551	Shaft And Wheel Assembly
4044300	4044301	4044300	TURBOCHARGER,ID21,HX60	Turbocharger
4044309	4044309	N/A	END LINK,ADJUSTING	Other Spare
4044317	404431700	N/A	HOUSING,TURBINE.HX55W.ASSY	Turbine Housing
4044324	404432500	4044324	TURBOCHARGER,HX35 WASTEGA	Turbocharger
4044336	4044337	4044336	TURBOCHARGER,ID21,HX60	Turbocharger
4044341	4044341	N/A	ACTUATOR,ASSY,HE551W,PERMANENT	Other Spare
4044355	4044355	N/A	HOUSING,TURBINE.HX55WM.ASSY	Turbine Housing
4044407	4044409	4044407	TURBOCHARGER,ID21,HX40W	Turbocharger
4044408	4044410	4044408	TURBOCHARGER,ID21,HX40W	Turbocharger
4044493	404449300	4044480	TURBOCHARGER,HX40W	Turbocharger
4044508	404450900	4044508	TURBOCHARGER	Turbocharger
4044633	4044633	N/A	ACTUATOR,TURBO,HX60W	Other Spare
4044646	403389800	4044646	TURBOCHARGER.ID21.HX40W	Turbocharger
4044662	403122600	4044662	TURBOCHARGER,DEBRAND.ID21.HX40	Turbocharger
4044664	4031227	4044664	TURBOCHARGER,DEBRAND.ID21.HX40W	Turbocharger
4044666	403122800	4044666	TURBOCHARGER,DEBRAND.ID21.HX40W	Turbocharger
4044669	403122900	4044669	TURBOCHARGER,DEBRAND.ID21.HX40W	Turbocharger
4044721	4044721	N/A	ACTUATOR,ASSY,HX40W,PERMANENT	Other Spare
4044722	4044722	N/A	ACTUATOR,ASSY,HX55W,PERMANENT	Other Spare
4044747	378712800	4044747	TURBOCHARGER.ID21.HX35W	Turbocharger
4044752	403334800	4044752	TURBOCHARGER.ID21.HX27W	Turbocharger
4044759	378654200	4044759	TURBOCHARGER.ID21.HX35W	Turbocharger
4044761	4033039	4044761	TURBOCHARGER ID21 HX35W	Turbocharger
4044784	403327500	4044784	TURBOCHARGER.ID21.HX27W	Turbocharger
4044787	378665900	4044787	TURBOCHARGER.HX35W	Turbocharger
4044830	4044830	N/A	ACTUATOR,ASSY,HX52W,PERMANENT	Other Spare
4044844	4044844	N/A	SHAFT & WHEEL.HE551	Shaft And Wheel Assembly
4044850	4033413	4044850	TURBOCHARGER ID21 HX35W	Turbocharger
4044884	495572100	4044884	TURBOCHARGER,HE221W	Turbocharger
4044885	404488800	4044885	TURBOCHARGER	Turbocharger
4044886	404488900	4044886	TURBOCHARGER	Turbocharger
4044912	404491200	N/A	GASKET,TURBOCHARGER	Other Spare
4045055	403302400	4045055	TURBOCHARGER	Turbocharger
4045101	4033329	4045101	TURBOCHARGER ID21 HX55WM	Turbocharger
4045122	404512200	N/A	ACTUATOR.ELECTRIC.HE351VE	Other Spare
4045134	495610100	4045134	TURBOCHARGER,HX40W	Turbocharger
4045172	495574600	4045172	TURBOCHARGER,HX35 WASTEGA	Turbocharger
4045185	4033102	4045185	TURBOCHARGER,ID21,HX35W	Turbocharger
4045212	4041406	4045212	TURBOCHARGER,ID21,HX40W	Turbocharger
4045213	4041408	4045213	TURBOCHARGER,ID21,HX40W	Turbocharger
4045214	404293500	4045214	TURBOCHARGER	Turbocharger
4045215	4042936	4045215	TURBOCHARGER,ID21,HX40W	Turbocharger
4045221	403123000	4045221	TURBOCHARGER,DEBRAND.ID21.HX40	Turbocharger
4045223	403123100	4045223	TURBOCHARGER DEBRAND ID21 HX40W	Turbocharger
4045272	404527200	N/A	ACTUATOR.TURBO.HX35G	Other Spare
4045274	404527400	N/A	HOUSING,COMPRESSOR.HX27W	Compressor Housing
4045275	4033079	4045275	TURBOCHARGER ID21 HX27W	Turbocharger
4045277	495593000	4045277	TURBOCHARGER,HX40W	Turbocharger
4045279	4033251	4045279	TURBOCHARGER ID21 HX27W	Turbocharger
4045282	4033337	4045282	TURBOCHARGER ID21 HX55	Turbocharger
4045298	4045299	4045298	TURBOCHARGER,ID21,HX40W	Turbocharger
4045324	4033252	4045324	TURBOCHARGER ID21 HX25	Turbocharger
4045325	4033382	4045325	TURBOCHARGER ID21 HX25	Turbocharger
4045339	4045340	4045339	TURBOCHARGER,ID21,HX60	Turbocharger
4045356	404535600	N/A	HOUSING,COMPRESSOR.HX25	Compressor Housing
4045361	403341500	4045361	TURBOCHARGER.ID21.HX25	Turbocharger
4045365	378664300	4045365	TURBOCHARGER.HX25	Turbocharger
4045367	4033253	4045367	TURBOCHARGER ID21 HX25	Turbocharger
4045398	4033414	4045398	TURBOCHARGER ID21 HX40	Turbocharger
4045411	4045411	N/A	HOUSING,TURBINE.H2D	Turbine Housing
4045475	4045476	4045475	TURBOCHARGER ID21 HE551M	Turbocharger
4045522	404556400	4045522	TURBOCHARGER	Turbocharger
4045531	4031128	4045531	TURBOCHARGER,DEBRAND.ID21.HX60W	Turbocharger
4045532	403112900	4045532	TURBOCHARGER,DEBRAND.ID21.HX60	Turbocharger
4045535	4045535	N/A	HOUSING,TURBINE.HX60W.ASSY	Turbine Housing
4045538	4045538	N/A	HOUSING,TURBINE.HX60	Turbine Housing
4045591	4033143	4045591	TURBOCHARGER ID21 HX35W	Turbocharger
4045764	4045764	N/A	HOUSING,TURBINE.H1C	Turbine Housing
4045791	378666000	4045791	TURBOCHARGER.ID21.HX55	Turbocharger
4045833	495562600	4045833	TURBOCHARGER,HX55W	Turbocharger
4045842	4044691	4045842	TURBOCHARGER,ID21,HX40W	Turbocharger
4045877	4033987	4045877	TURBOCHARGER ID21 HX35W	Turbocharger
4045888	4033729	4045888	TURBOCHARGER ID21 HE551W	Turbocharger
4045957	4045958	4045957	TURBOCOMPRESSOR	Turbocharger
4045975	404597500	N/A	HOUSING,COMPRESSOR.HX55	Compressor Housing
4045977	4033723	4045977	TURBOCHARGER ID21 HX55	Turbocharger
4046017	4033639	4046017	TURBOCHARGER ID21 HX55	Turbocharger
4046020	4033622	4046020	TURBOCHARGER ID21 HX55	Turbocharger
4046025	378713000	4046025	TURBOCHARGER.ID21.HX55W	Turbocharger
4046052	404605200	N/A	CORE ASSEMBLY.HX40W	Core
4046053	4046053	N/A	CORE ASSEMBLY,HX40W	Core
4046058	408992700	4046058	TURBOCHARGER,HX40W	Turbocharger
4046100	408991900	4046100	TURBOCHARGER,HX40W	Turbocharger
4046101	408991700	4046101	TURBOCHARGER,HX40W	Turbocharger
4046102	408971600	4046102	TURBOCHARGER	Turbocharger
4046105	495519500	4046105	TURBOCHARGER,HX40W	Turbocharger
4046107	408991600	4046107	TURBOCHARGER,HX40	Turbocharger
4046108	495522000	4046108	TURBOCHARGER,HX40W	Turbocharger
4046109	399006600	4046109	TURBOCHARGER,HX40	Turbocharger
4046126	404612600	N/A	HOUSING,TURBINE	Turbine Housing
4046127	409004200	4046127	TURBOCHARGER,HX55W	Turbocharger
4046140	3786661	4046140	TURBOCHARGER ID21 HX55WM	Turbocharger
4046191	495560300	4046191	TURBOCHARGER,HX40W	Turbocharger
4046192	495560400	4046192	TURBOCHARGER,HX40W	Turbocharger
4046193	495560500	4046193	TURBOCHARGER,HX40W	Turbocharger
4046250	403325400	4046250	TURBO,CTT XREF ONLY	Turbocharger
4046271	4033172	4046271	TURBOCHARGER ID21 HX40W	Turbocharger
4046292	4033140	4046292	TURBOCHARGER ID21 HX40W	Turbocharger
4046350	4046350	N/A	SHAFT & WHEEL.H1C	Shaft And Wheel Assembly
4046398	404281000	4046398	TURBOCHARGER	Turbocharger
4046433	4033042	4046433	TURBOCHARGER ID21 HX40W	Turbocharger
4046479	403388300	4046479	TURBOCHARGER.ID21.HE551M	Turbocharger
4046530	403310000	4046530	TURBOCHARGER.ID21.HX25W	Turbocharger
4046551	4033378	4046551	TURBOCHARGER ID21 HX35W	Turbocharger
4046567	4046568	4046567	TURBOCHARGER ID21 HX27W	Turbocharger
4046569	403325500	4046569	TURBOCHARGER ID21 HX27W	Turbocharger
4046605	403359000	4046605	TURBOCHARGER.ID21.HX35W	Turbocharger
4046630	403332200	4046630	TURBOCHARGER.ID21.HX55WM	Turbocharger
4046671	404667000	4046671	TURBOCHARGER.ID21.HX20	Turbocharger
4046827	4046827	N/A	SHROUD, TUR NOZZLE.HE431V	Other Spare
4046830	4046830	N/A	SHROUD, TUR NOZZLE.	Other Spare
4046846	403325600	4046846	TURBOCHARGER.ID21.HX27W	Turbocharger
4046893	495597400	4046893	TURBOCHARGER,HX35 WASTEGA	Turbocharger
4047073	404707300	N/A	ACTUATOR.ASSY.HX55W	Other Spare
4047147	495581500	4047147	TURBOCHARGER,HX60	Turbocharger
4047148	495581300	4047148	TURBOCHARGER,HX60	Turbocharger
4047149	4047155	4047149	TURBOCHARGER,ID21,HX60W	Turbocharger
4047157	4047157	N/A	HOUSING,TURBINE.HX60W.ASSY	Turbine Housing
4047159	4033728	4047159	TURBOCHARGER ID21 HX55	Turbocharger
4047205	403314400	4047205	TURBOCHARGER.ID21.HX25W	Turbocharger
4047259	378666200	4047259	TURBOCHARGER.ID21.HX25W	Turbocharger
4047305	403389900	4047305	TURBOCHARGER.ID21.HX40W	Turbocharger
4047311	403398800	4047311	TURBOCHARGER.ID21.HX35W	Turbocharger
4047412	404741300	4047412	TURBOCHARGER	Turbocharger
4047477	495555200	4047477	TURBOCHARGER,HX55	Turbocharger
4047481	404748100	N/A	HOUSING,TURBINE.HE551	Turbine Housing
4047592	495579300	4047592	KIT,TURBOCHARGER	Turbocharger
4047700	404770000	N/A	HOUSING,TURBINE.HE551	Turbine Housing
4047743	404774400	4047743	TURBOCHARGER.ID21.HE221W	Turbocharger
4047745	4047746	4047745	TURBOCHARGER,ID21,HE221W	Turbocharger
4047747	4047748	4047747	TURBOCHARGER,ID21,HE221W	Turbocharger
4047749	4047750	4047749	TURBOCHARGER,ID21,HE221W	Turbocharger
4047755	403300100	4047755	TURBOCHARGER	Turbocharger
4047757	403300200	4047757	TURBOCHARGER	Turbocharger
4047759	403300300	4047759	TURBOCHARGER	Turbocharger
4047761	403300400	4047761	TURBOCHARGER	Turbocharger
4047764	404776400	N/A	HOUSING,COMPRESSOR	Compressor Housing
4047765	4047765	N/A	ACTUATOR,PERMANENT ASSEMBLY,HE221W	Other Spare
4047886	4047886	N/A	HOUSING,TURBINE.HE551W.ASSY	Turbine Housing
4047911	403394700	4047911	TURBOCHARGER.ID21.HX40W	Turbocharger
4047912	403394800	4047912	TURBOCHARGER.ID21.HX40W	Turbocharger
4047913	403393800	4047913	TURBOCHARGER.ID21.HX40W	Turbocharger
4047914	403394900	4047914	TURBOCHARGER.ID21.HX40W	Turbocharger
4047939	404793900	N/A	HOUSING,COMPRESSOR.HX25	Compressor Housing
4047940	4033623	4047940	TURBOCHARGER ID21 HX25	Turbocharger
4047969	4033199	4047969	TURBOCHARGER ID21 HE551	Turbocharger
4047988	404798800	N/A	HOUSING,COMPRESSOR.HX55WM	Compressor Housing
4048026	378666300	4048026	TURBOCHARGER.ID21.HX40	Turbocharger
4048282	404828300	4048282	TURBOCHARGER	Turbocharger
4048377	378654000	4048377	TURBOCHARGER.ID21.HX25	Turbocharger
4048406	404840700	4048406	TURBOCHARGER	Turbocharger
4048418	403379100	4048418	TURBOCHARGER	Turbocharger
4048438	378678000	4048438	TURBOCHARGER.ID21.HX50	Turbocharger
4048452	4048452	N/A	SHAFT & WHEEL.HX50W	Shaft And Wheel Assembly
4048548	404854800	N/A	SHIELD, TURBOCHARGER HEAT.	Other Spare
4048561	4048561	N/A	HOUSING,TURBINE.HX35W.PERMANENT ASS	Turbine Housing
4048760	4048760	N/A	HOSE,PLAIN	Other Spare
4048795	404879500	N/A	HOUSING,COMPRESSOR.HX25	Compressor Housing
4048808	4048809	4048808	TURBOCHARGER,ID21,HE221W	Turbocharger
4049346	378714200	4049346	TURBOCHARGER.ID21.HX35	Turbocharger
4049355	403316400	4049355	TURBO,CTT XREF ONLY	Turbocharger
4049368	4033000	4049368	TURBOCHARGER,ID21,HX40W	Turbocharger
4049444	403380100	4049444	TURBOCHARGER.ID21.HX40	Turbocharger
4049896	404989700	4049896	TURBOCHARGER.ID21.HX35	Turbocharger
4049942	4049946	4049942	TURBOCHARGER ID21 HX25	Turbocharger
4049949	495589500	4049949	TURBOCHARGER,HX40W	Turbocharger
4049965	404997300	4049965	TURBOCHARGER.ID21.HX27W	Turbocharger
4050036	3787140	4050036	TURBOCHARGER.ID21.HX40W	Turbocharger
4050203	4033792	4050203	TURBOCHARGER,ID21,HX40W	Turbocharger
4050205	4033436	4050205	TURBOCHARGER ID21 HX40W	Turbocharger
4050212	4033950	4050212	TURBOCHARGER ID21 HX40W	Turbocharger
4050243	4033997	4050243	TURBOCHARGER ID21 HX50	Turbocharger
4050255	378708800	4050255	TURBOCHARGER.ID21.HX40W	Turbocharger
4050267	3787141	4050267	TURBOCHARGER ID21 HX35W	Turbocharger
4050271	403395100	4050271	TURBOCHARGER.ID21.HX40W	Turbocharger
4050352	405035200	N/A	HOUSING,COMPRESSOR.HX40W	Compressor Housing
4050386	405038600	N/A	HOUSING,COMPRESSOR.HX40W	Compressor Housing
4050404	405040400	N/A	HOUSING,COMPRESSOR.HX40W	Compressor Housing
4050572	405057200	N/A	SHAFT & WHEEL.HX40W	Shaft And Wheel Assembly
4050579	405057900	N/A	IMPELLER.HX50	Compressor Wheel
4051051	378672400	4051051	TURBO,CTT XREF ONLY	Turbocharger
4051092	378651400	4051092	TURBOCHARGER.ID21.HX40W	Turbocharger
4051102	378713900	4051102	TURBOCHARGER.ID21.HX40	Turbocharger
4051119	403328100	4051119	TURBOCHARGER	Turbocharger
4051121	4033874	4051121	TURBOCHARGER ID21 HX35W	Turbocharger
4051126	4033998	4051126	TURBOCHARGER ID21 HX50	Turbocharger
4051190	403388900	4051190	TURBOCHARGER.ID21.HX40W	Turbocharger
4051197	403398900	4051197	TURBOCHARGER.ID21.HX35W	Turbocharger
4051204	4033192	4051204	TURBOCHARGER ID21 HX50	Turbocharger
4051229	403340700	4051229	TURBO,CTT XREF ONLY	Turbocharger
4051240	403340600	4051240	TURBO,CTT XREF ONLY	Turbocharger
4051248	403395200	4051248	TURBOCHARGER.ID21.HX40W	Turbocharger
4051263	403395300	4051263	TURBOCHARGER.ID21.HX40W	Turbocharger
4051286	378655100	4051286	TURBOCHARGER.ID21.HX40W	Turbocharger
4051320	403395400	4051320	TURBOCHARGER.ID21.HX40W	Turbocharger
4051352	403399000	4051352	TURBOCHARGER.ID21.HX35W	Turbocharger
4051419	403399100	4051419	TURBOCHARGER.ID21.HX35W	Turbocharger
4051439	4033193	4051439	TURBOCHARGER ID21 HX40W	Turbocharger
4051456	403387500	4051456	TURBOCHARGER	Turbocharger
4085923	408592300	N/A	SPACER,MOUNTING	Other Spare
4088832	408883200	N/A	SENSOR,TEMPERATURE	Other Spare
4089579	408957900	3781173	TURBOCHARGER	Turbocharger
4089637	408963700	3781162	TURBOCHARGER,HEPRE07VG HD	Turbocharger
4089798	408979800	N/A	SENSOR,SPEED	Other Spare
4089879	408987900	3781174	TURBOCHARGER,HEPRE07VG MR	Turbocharger
4089879	408987900	3781174	TURBOCHARGER,HEPRE07VG MR	Turbocharger
4089949	408994900	3781162	TURBOCHARGER,HEPRE07VG HD	Turbocharger
4090051	409005100	3781176	TURBOCHARGER,HEPRE07VG MR	Turbocharger
4090052	409005200	3781176	TURBOCHARGER,HEPRE07VG MR	Turbocharger
4095682	409568200	N/A	GASKET,CONNECTION	Other Spare
4309076	430907600	3774612	KIT,TURBOCHARGER	Short Turbocharger
4309077	430907700	3774613	KIT,TURBOCHARGER	Short Turbocharger
4309083	430908300	3797541	KIT,TURBOCHARGER	Short Turbocharger
4309124	430912400	3795152	KIT,TURBOCHARGER	Short Turbocharger
4309470	430947000	3792225	KIT,TURBOCHARGER	Turbocharger
4309471	430947100	3792225	KIT,TURBOCHARGER	Turbocharger
4327174	432717400	N/A	SENSOR,SPEED	Other Spare
4352324	435232400	5325886	KIT,ICP TURBOCHARGER	Short Turbocharger
4352325	435232500	5325892	KIT,ICP TURBOCHARGER	Short Turbocharger
4352326	435232600	5325892	KIT,ICP TURBOCHARGER	Short Turbocharger
4352330	435233000	TBC	KIT,TURBOCHARGER	Turbocharger
4352331	435233100	5325925	KIT,TURBOCHARGER	Short Turbocharger
4352332	435233200	3791730	KIT,TURBOCHARGER	Short Turbocharger
4352333	435233300	5325928	KIT,TURBOCHARGER	Short Turbocharger
4352334	435233400	5325928	KIT,TURBOCHARGER	Short Turbocharger
4352523	435252300	3795636	KIT,ICP TURBOCHARGER	Short Turbocharger
4352524	435252400	3795636	KIT,ICP TURBOCHARGER	Short Turbocharger
4352525	435252500	3795636	KIT,ICP TURBOCHARGER	Short Turbocharger
4352526	435252600	3795633	KIT,ICP TURBOCHARGER	Short Turbocharger
4352527	435252700	3795633	KIT,ICP TURBOCHARGER	Short Turbocharger
4352528	435252800	3795633	KIT,ICP TURBOCHARGER	Short Turbocharger
4352529	435252900	3795633	KIT,ICP TURBOCHARGER	Short Turbocharger
4352530	435253000	3795635	KIT,ICP TURBOCHARGER	Short Turbocharger
4352531	435253100	3795635	KIT,ICP TURBOCHARGER	Short Turbocharger
4352532	435253200	3795635	KIT,ICP TURBOCHARGER	Short Turbocharger
4352559	435255900	TBC	KIT,TURBOCHARGER	Turbocharger
4352565	435256500	TBC	KIT,TURBOCHARGER	Short Turbocharger
4352566	435256600	3795878	KIT,TURBOCHARGER	Turbocharger
4891288	489128800	N/A	GASKET,OIL DRAIN	Other Spare
4940183	494018300	N/A	CONNECTOR,MALE	Other Spare
4955395	495539500	3791770	TURBOCHARGER.ID21-5.HE300VG	Turbocharger
4955399	495539900	3791766	KIT,TURBOCHARGER	Turbocharger
4955401	495540100	3791766	TURBOCHARGER,HE 07 VG MR	Turbocharger
4955402	495540200	3791769	TURBOCHARGER,HE 07 VG MR	Turbocharger
4955541	495554100	5325891	TURBOCHARGER,HE 07 VG MR	Turbocharger
4955852	495585200	3781176	TURBOCHARGER,HEPRE07VG MR	Turbocharger
4980340	498034000	N/A	GASKET,OIL DRAIN	Other Spare
5264571	526457100	N/A	GASKET,OIL DRAIN	Other Spare
5266419	526641900	N/A	GASKET,TURBOCHARGER	Other Spare
5321692	532169200	3788677	KIT,TURBOCHARGER	Turbocharger
5322096	532209600	5325886	TURBO HE300VG	Turbocharger
5322099	532209900	5325892	TURBOCHARGER.ID21-5.HE300VG EVOLUTION	Turbocharger
5322099	532209900	5325892	TURBO HE300VG	Turbocharger
5322344	532234400	3799833	TURBOCHARGER,HE 07 VG MR	Turbocharger
5322345	532234500	5325886	KIT,ICP TURBOCHARGER	Short Turbocharger
5322346	532234600	5325892	KIT,ICP TURBOCHARGER	Short Turbocharger
5322347	532234700	5325892	KIT,ICP TURBOCHARGER	Short Turbocharger
5322349	532234900	5325925	KIT,TURBOCHARGER	Short Turbocharger
5322352	532235200	5325928	KIT,TURBOCHARGER	Short Turbocharger
5322355	532235500	TBC	KIT,ICP TURBOCHARGER	Short Turbocharger
5322447	403119300	5322447	TURBOCHARGER,DEBRAND.ID21.HX52W	Turbocharger
5322454	4033372	5322454	TURBOCHARGER ID21 HX55	Turbocharger
5322456	4031184	5322456	TURBO,DEBRAND ID21.HX52W	Turbocharger
5322458	403116500	5322458	TURBOCHARGER,DEBRAND.ID21.HX52	Turbocharger
5322462	4031185	5322462	TURBO, DEBRAND ID21 HX52W	Turbocharger
5322464	4031079	5322464	TURBOCHARGER DEBRAND ID21 HX55W	Turbocharger
5322467	4031169	5322467	TURBO DEBRRAND ID21 HX55	Turbocharger
5322469	4031182	5322469	TURBOCHARGER DEBRAND ID21 HX55W	Turbocharger
5322470	403117400	5322470	TURBOCHARGER,DEBRAND.ID21.HX55	Turbocharger
5322471	403117500	5322471	TURBOCHARGER,DEBRAND.ID21.HX55	Turbocharger
5322472	4031188	5322472	TURBOCHARGER DEBRAND HX52W	Turbocharger
5322473	403119200	5322473	TURBOCHARGER,DEBRAND.ID21.HX52W	Turbocharger
5322474	4031292	5322474	TURBOCHARGER,DEBRAND.ID21.HX55	Turbocharger
5322479	403116700	5322479	TURBOCHARGER,DEBRAND.HX55W	Turbocharger
5322481	4031173	5322481	TURBOCHARGER,DEBRAND.ID21.HX55W	Turbocharger
5322486	403117800	5322486	TURBOCHARGER DEBRAND ID21 HX55	Turbocharger
5322487	4031177	5322487	TURBOCHARGER DEBRAND ID21 HX55	Turbocharger
5322490	403117900	5322490	TURBOCHARGER,DEBRAND.ID21.HX52	Turbocharger
5322491	4031187	5322491	TURBO, DEBRAND ID21 HX52W	Turbocharger
5322492	403118600	5322492	TURBOCHARGER,DEBRAND.ID21.HX52W	Turbocharger
5322494	403104200	5322494	TURBOCHARGER,DEBRAND.ID21.HE500WG	Turbocharger
5322496	4031170	5322496	TURBO DEBRAND ID21 HX55	Turbocharger
5322497	4031100	5322497	TURBOCHARGER,DEBRAND.ID21.HX55W	Turbocharger
5322498	403109900	5322498	TURBOCHARGER,DEBRAND.ID21.HX55W	Turbocharger
5322499	403116600	5322499	TURBOCHARGER,DEBRAND.ID21.HX55	Turbocharger
5322508	403106500	5322508	TURBOCHARGER,DEBRAND.HX52W	Turbocharger
5322527	4033197	5322527	TURBOCHARGER ID21 HE431V	Turbocharger
5322528	4033268	5322528	TURBOCHARGER ID21 HY40V	Turbocharger
5322529	4033309	5322529	TURBOCHARGER.ID21.HY40V	Turbocharger
5322530	4033524	5322530	TURBOCHARGER.ID21.HY40V	Turbocharger
5323685	4031241	5323685	TURBO EBRAND ID21 HE500VG	Turbocharger
5323686	403110900	5323686	TURBOCHARGER,DEBRAND.ID21.HE500VG	Turbocharger
5324121	532412100	TBC	KIT,TURBOCHARGER	Short Turbocharger
5324131	532413100	TBC	KIT,TURBOCHARGER	Short Turbocharger
5324284	532428500	5324284	TURBOCHARGER.ID21.HX52W	Turbocharger
5324452	403117600	5324452	TURBOCHARGER.ID21.HE500FG	Turbocharger
5324761	403119100	5324761	TURBOCHARGER,DEBRAND.ID21.HX55W	Turbocharger
5324762	403119600	5324762	TURBOCHARGER,DEBRAND.ID21.HX55W	Turbocharger
5324763	403106600	5324763	TURBOCHARGER,DEBRAND.ID21.HX55W	Turbocharger
5324765	403113100	5324765	TURBOCHARGER,DEBRAND.ID21.HX55	Turbocharger
5324767	403118900	5324767	TURBOCHARGER,DEBRAND.ID21.HX55	Turbocharger
5324768	403119500	5324768	TURBOCHARGER,DEBRAND.ID21.HX55	Turbocharger
5324770	403124900	5324770	TURBOCHARGER,DEBRAND.ID21.HE500FG	Turbocharger
5324852	532485300	5324852	TURBOCHARGER.ID21.HE500WG	Turbocharger
5324950	403103200	5324950	TURBOCHARGER,DEBRAND.ID21.HE500WG	Turbocharger
5324952	403103400	5324952	TURBOCHARGER,DEBRAND.ID21.HE500WG	Turbocharger
5324953	4031031	5324953	TURBOCHARGER,DEBRAND.ID21.HE500WG	Turbocharger
5324954	403103000	5324954	TURBOCHARGER,DEBRAND.ID21.HE500WG	Turbocharger
5325238	3786506	5325238	TURBOCHARGER ID21 HE551V	Turbocharger
5325448	532544800	5325887	KIT,TURBOCHARGER	Short Turbocharger
5325449	532544900	5325888	KIT,TURBOCHARGER	Short Turbocharger
5325451	532545100	5325890	TURBOCHARGER,HE 07 VG MR	Short Turbocharger
5325454	532545400	5325952	TURBOCHARGER,HE 07 VG MR	Short Turbocharger
5325811	408943400	5325811	TURBOCHARGER,HX35GAS	Turbocharger
5325825	4033159	5325825	TURBOCHARGER ID21 HX50W	Turbocharger
5325912	532591200	5325887	TURBOCHARGER	Turbocharger
5325926	379175000	5325926	TURBOCHARGER.ID21.HE300VG	Turbocharger
5326055	532704500	5326055	KIT,TURBOCHARGER	Turbocharger
5326669	403104400	5326669	TURBOCHARGER,DEBRAND.HE500WG	Turbocharger
5326682	532668200	TBC	KIT,TURBOCHARGER	Short Turbocharger
5326688	532668800	TBC	KIT,TURBOCHARGER	Short Turbocharger
5327046	532704600	5326054	KIT,TURBOCHARGER	Turbocharger
5327574	4031135	5327574	TURBOCHARGER,DEBRAND.ID21.HE551W	Turbocharger
5327752	532775400	5327752	KIT,TURBOCHARGER	Turbocharger
5327846	532784600	N/A	KIT,SPEED SENSOR	Speed Sensor Kit
5328833	403129900	5328833	TURBOCHARGER,DEBRAND.HE400VG	Turbocharger
5328835	403129700	5328835	TURBOCHARGER,DEBRAND.ID21.HE400VG	Turbocharger
5328858	403120700	5328858	TURBOCHARGER,DEBRAND.ID21.HE400VG	Turbocharger
5329120	379886200	5329120	TURBOCHARGER.ID21.HE500WG	Turbocharger
5329833	378669600	5329833	TURBOCHARGER,AFTERMARKET	Turbocharger
5350060	495546200	5350060	TURBOCHARGER,HEPRE07VG HD	Turbocharger
5350910	403386300	5350910	TURBOCHARGER.ID21.HE200WG	Turbocharger
5350911	403386400	5350911	TURBO,CTT XREF ONLY	Turbocharger
5350914	403381200	5350914	TURBO,CTT XREF ONLY	Turbocharger
5350916	378710500	5350916	TURBOCHARGER	Turbocharger
5350917	378653000	5350917	TURBO,CTT XREF ONLY	Turbocharger
5350918	378653100	5350918	TURBO,CTT XREF ONLY	Turbocharger
5350920	378712200	5350920	TURBO,CTT XREF ONLY	Turbocharger
5350967	378703100	5350967	TURBOCHARGER	Turbocharger
5350968	378703000	5350968	TURBOCHARGER	Turbocharger
5351878	378709100	5351878	TURBOCHARGER.ID21.HX52W	Turbocharger
5352032	403316000	5352032	TURBO,CTT XREF ONLY	Turbocharger
